# gamma1Internal;min_population;time_for_min_population;min_fidelity;time_for_min_fidelity;max_fidelity;time_for_max_fidelity;last_fidelity
0.00015915494309189532;0.99466775063077795;10;0.99763395238907604;10;1;0.0001;0.99763395238907604
0.00042388266510141458;0.99204602528424712;10;0.99500440878353036;10;1;0.0001;0.99500440878353036
0.00068861038711093389;0.98943121023011849;10;0.99238179607760746;10;1;0.0001;0.99238179607760746
0.0009533381091204531;0.98682328725436874;10;0.98976609600296761;10;1;0.0001;0.98976609600296761
0.0012180658311299723;0.98422223819102417;10;0.98715729033946431;10;1;0.0001;0.98715729033946431
0.0014827935531394917;0.98162804492190381;10;0.98455536091488627;10;1;0.0001;0.98455536091488627
0.0017475212751490109;0.97904068937667454;10;0.98196028960501269;10;1;0.0001;0.98196028960501269
0.0020122489971585301;0.97646015353261117;10;0.97937205833337293;10;1;0.0001;0.97937205833337293
0.0022769767191680493;0.97388641941442478;10;0.97679064907107338;10;1;0.0001;0.97679064907107338
0.0025417044411775685;0.97131946909430478;10;0.97421604383684124;10;1;0.0001;0.97421604383684124
0.0028064321631870877;0.96875928469156236;10;0.97164822469666545;10;1;0.0001;0.97164822469666545
0.0030711598851966074;0.96620584837285706;10;0.96908717376402465;10;1;0.0001;0.96908717376402465
0.0033358876072061266;0.96365914235159444;10;0.96653287319928294;10;1;0.0001;0.96653287319928294
0.0036006153292156458;0.96111914888823802;10;0.96398530521000259;10;1;0.0001;0.96398530521000259
0.003865343051225165;0.95858585028997856;10;0.96144445205061246;10;1;0.0001;0.96144445205061246
0.0041300707732346842;0.95605922891057149;10;0.9589102960222452;10;1;0.0001;0.9589102960222452
0.0043947984952442034;0.95353926715035542;10;0.95638281947275527;10;1;0.0001;0.95638281947275527
0.0046595262172537226;0.95102594745599767;10;0.95386200479646399;10;1;0.0001;0.95386200479646399
0.0049242539392632418;0.94851925232057055;10;0.95134783443423643;10;1;0.0001;0.95134783443423643
0.005188981661272761;0.94601916428306487;10;0.94884029087299249;10;1;0.0001;0.94884029087299249
0.0054537093832822802;0.94352566592866616;10;0.94633935664598512;10;1;0.0001;0.94633935664598512
0.0057184371052917994;0.94103873988843356;10;0.94384501433247725;10;1;0.0001;0.94384501433247725
0.0059831648273013186;0.93855836883916155;10;0.941357246557604;10;1;0.0001;0.941357246557604
0.0062478925493108378;0.93608453550335102;10;0.93887603599234259;10;1;0.0001;0.93887603599234259
0.0065126202713203579;0.93361722264899294;10;0.93640136535329666;10;1;0.0001;0.93640136535329666
0.0067773479933298771;0.93115641308958375;10;0.9339332174027104;10;1;0.0001;0.9339332174027104
0.0070420757153393963;0.92870208968380408;10;0.93147157494814725;10;1;0.0001;0.93147157494814725
0.0073068034373489155;0.92625423533557794;10;0.9290164208425491;10;1;0.0001;0.9290164208425491
0.0075715311593584347;0.92381283299390604;10;0.92656773798406855;10;1;0.0001;0.92656773798406855
0.007836258881367953;0.92137786565272861;10;0.92412550931593218;10;1;0.0001;0.92412550931593218
0.0081009866033774722;0.9189493163507485;10;0.92168971782626219;10;1;0.0001;0.92168971782626219
0.0083657143253869914;0.91652716817146818;10;0.91926034654811462;10;1;0.0001;0.91926034654811462
0.0086304420473965124;0.91411140424289761;10;0.91683737855918501;10;1;0.0001;0.91683737855918501
0.0088951697694060316;0.91170200773756405;10;0.91442079698181955;10;1;0.0001;0.91442079698181955
0.0091598974914155508;0.90929896187234749;10;0.91201058498284893;10;1;0.0001;0.91201058498284893
0.00942462521342507;0.90690224990833035;10;0.90960672577343871;10;1;0.0001;0.90960672577343871
0.0096893529354345892;0.9045118551507465;10;0.90720920260903681;10;1;0.0001;0.90720920260903681
0.0099540806574441084;0.90212776094882485;10;0.90481799878921809;10;1;0.0001;0.90481799878921809
0.010218808379453628;0.89974995069568375;10;0.9024330976575774;10;1;0.0001;0.9024330976575774
0.010483536101463147;0.89737840782822009;10;0.90005448260161847;10;1;0.0001;0.90005448260161847
0.010748263823472666;0.89501311582693577;10;0.89768213705258038;10;1;0.0001;0.89768213705258038
0.011012991545482185;0.89265405821597521;10;0.89531604448547508;10;1;0.0001;0.89531604448547508
0.011277719267491704;0.89030121856280164;10;0.8929561884187619;10;1;0.0001;0.8929561884187619
0.011542446989501224;0.88795458047827391;10;0.89060255241442565;10;1;0.0001;0.89060255241442565
0.011807174711510743;0.88561412761643021;10;0.88825512007775931;10;1;0.0001;0.88825512007775931
0.012071902433520262;0.8832798436743301;10;0.88591387505720487;10;1;0.0001;0.88591387505720487
0.012336630155529781;0.8809517123920626;10;0.88357880104436315;10;1;0.0001;0.88357880104436315
0.0126013578775393;0.87862971755260577;10;0.881249881773851;10;1;0.0001;0.881249881773851
0.01286608559954882;0.87631384298160608;10;0.87892710102308125;10;1;0.0001;0.87892710102308125
0.013130813321558339;0.87400407254737289;10;0.87661044261225696;10;1;0.0001;0.87661044261225696
0.013395541043567858;0.87170039016077316;10;0.87429989040426548;10;1;0.0001;0.87429989040426548
0.013660268765577377;0.86940277977503699;10;0.87199542830448407;10;1;0.0001;0.87199542830448407
0.013924996487586896;0.86711122538565899;10;0.86969704026067962;10;1;0.0001;0.86969704026067962
0.014189724209596416;0.86482571103040351;10;0.86740471026301591;10;1;0.0001;0.86740471026301591
0.014454451931605935;0.86254622078907717;10;0.86511842234382375;10;1;0.0001;0.86511842234382375
0.014719179653615454;0.86027273878336097;10;0.86283816057743323;10;1;0.0001;0.86283816057743323
0.014983907375624973;0.85800524917695975;10;0.86056390908032354;10;1;0.0001;0.86056390908032354
0.015248635097634492;0.85574373617514221;10;0.85829565201066216;10;1;0.0001;0.85829565201066216
0.015513362819644012;0.85348818402494608;10;0.85603337356850939;10;1;0.0001;0.85603337356850939
0.015778090541653533;0.85123857701481853;10;0.85377705799545944;10;1;0.0001;0.85377705799545944
0.01604281826366305;0.84899489947474738;10;0.85152668957476996;10;1;0.0001;0.85152668957476996
0.016307545985672571;0.84675713577586453;10;0.84928225263096624;10;1;0.0001;0.84928225263096624
0.016572273707682088;0.84452527033064773;10;0.84704373153004231;10;1;0.0001;0.84704373153004231
0.016837001429691609;0.84229928759253658;10;0.84481111067907622;10;1;0.0001;0.84481111067907622
0.017101729151701127;0.84007917205606542;10;0.84258437452636348;10;1;0.0001;0.84258437452636348
0.017366456873710648;0.83786490825654614;10;0.84036350756109846;10;1;0.0001;0.84036350756109846
0.017631184595720165;0.83565648077004573;10;0.83814849431335248;10;1;0.0001;0.83814849431335248
0.017895912317729686;0.83345387421339634;10;0.8359393193540835;10;1;0.0001;0.8359393193540835
0.018160640039739204;0.83125707324384757;10;0.83373596729478749;10;1;0.0001;0.83373596729478749
0.018425367761748725;0.82906606255916337;10;0.83153842278759504;10;1;0.0001;0.83153842278759504
0.018690095483758242;0.8268808268974156;10;0.82934667052506583;10;1;0.0001;0.82934667052506583
0.018954823205767763;0.82470135103692699;10;0.82716069524012981;10;1;0.0001;0.82716069524012981
0.019219550927777281;0.82252761979609967;10;0.82498048170591587;10;1;0.0001;0.82498048170591587
0.019484278649786801;0.82035961803339474;10;0.82280601473573156;10;1;0.0001;0.82280601473573156
0.019749006371796319;0.81819733064712574;10;0.82063727918285545;10;1;0.0001;0.82063727918285545
0.02001373409380584;0.81604074257549952;10;0.81847425994057876;10;1;0.0001;0.81847425994057876
0.020278461815815357;0.81388983879634091;10;0.81631694194192828;10;1;0.0001;0.81631694194192828
0.020543189537824878;0.8117446043271298;10;0.81416531015970472;10;1;0.0001;0.81416531015970472
0.020807917259834396;0.80960502422477754;10;0.81201934960625732;10;1;0.0001;0.81201934960625732
0.021072644981843917;0.80747108358563802;10;0.80987904533349597;10;1;0.0001;0.80987904533349597
0.021337372703853438;0.8053427675452659;10;0.80774438243264779;10;1;0.0001;0.80774438243264779
0.021602100425862955;0.8032200612785495;10;0.80561534603439122;10;1;0.0001;0.80561534603439122
0.021866828147872476;0.80110294999925602;10;0.80349192130839919;10;1;0.0001;0.80349192130839919
0.022131555869881993;0.79899141896028525;10;0.80137409346359412;10;1;0.0001;0.80137409346359412
0.022396283591891514;0.79688545345333306;10;0.79926184774781028;10;1;0.0001;0.79926184774781028
0.022661011313901032;0.79478503880884777;10;0.79715516944774956;10;1;0.0001;0.79715516944774956
0.022925739035910553;0.79269016039603557;10;0.79505404388898782;10;1;0.0001;0.79505404388898782
0.02319046675792007;0.79060080362254326;10;0.79295845643565588;10;1;0.0001;0.79295845643565588
0.023455194479929591;0.78851695393456622;10;0.79086839249054808;10;1;0.0001;0.79086839249054808
0.023719922201939109;0.78643859681664607;10;0.78878383749491932;10;1;0.0001;0.78878383749491932
0.02398464992394863;0.78436571779153685;10;0.78670477692835117;10;1;0.0001;0.78670477692835117
0.024249377645958147;0.78229830242021015;10;0.78463119630875644;10;1;0.0001;0.78463119630875644
0.024514105367967668;0.78023633630166001;10;0.78256308119218365;10;1;0.0001;0.78256308119218365
0.024778833089977186;0.77817980507286943;10;0.78050041717278407;10;1;0.0001;0.78050041717278407
0.025043560811986706;0.77612869440864551;10;0.77844318988264538;10;1;0.0001;0.77844318988264538
0.025308288533996224;0.77408299002158842;10;0.77639138499176119;10;1;0.0001;0.77639138499176119
0.025573016256005745;0.77204267766190238;10;0.77434498820784148;10;1;0.0001;0.77434498820784148
0.025837743978015262;0.77000774311739395;10;0.77230398527631017;10;1;0.0001;0.77230398527631017
0.026102471700024783;0.76797817221336828;10;0.77026836198020243;10;1;0.0001;0.77026836198020243
0.026367199422034301;0.76595395081237805;10;0.76823810413991145;10;1;0.0001;0.76823810413991145
0.026631927144043822;0.76393506481435025;10;0.76621319761331619;10;1;0.0001;0.76621319761331619
0.026896654866053339;0.76192150015629612;10;0.76419362829549053;10;1;0.0001;0.76419362829549053
0.02716138258806286;0.75991324281236505;10;0.76217938211875746;10;1;0.0001;0.76217938211875746
0.027426110310072378;0.75791027879361994;10;0.76017044505246334;10;1;0.0001;0.76017044505246334
0.027690838032081899;0.75591259414804957;10;0.75816680310299045;10;1;0.0001;0.75816680310299045
0.027955565754091416;0.75392017496033203;10;0.75616844231352009;10;1;0.0001;0.75616844231352009
0.028220293476100937;0.75193300735189972;10;0.75417534876409709;10;1;0.0001;0.75417534876409709
0.028485021198110454;0.74995107748075407;10;0.75218750857144501;10;1;0.0001;0.75218750857144501
0.028749748920119975;0.74797437154133251;10;0.75020490788883087;10;1;0.0001;0.75020490788883087
0.029014476642129493;0.74600287576452329;10;0.74822753290608268;10;1;0.0001;0.74822753290608268
0.029279204364139014;0.74403657641748822;10;0.74625536984940943;10;1;0.0001;0.74625536984940943
0.029543932086148535;0.74207545980354517;10;0.74428840498128368;10;1;0.0001;0.74428840498128368
0.029808659808158052;0.74011951226218853;10;0.74232662460046284;10;1;0.0001;0.74232662460046284
0.030073387530167573;0.73816872016883195;10;0.7403700150417305;10;1;0.0001;0.7403700150417305
0.030338115252177091;0.73622306993488862;10;0.73841856267597772;10;1;0.0001;0.73841856267597772
0.030602842974186611;0.73428254800749049;10;0.73647225390991977;10;1;0.0001;0.73647225390991977
0.030867570696196129;0.73234714086957498;10;0.73453107518618521;10;1;0.0001;0.73453107518618521
0.03113229841820565;0.730416835039708;10;0.73259501298313667;10;1;0.0001;0.73259501298313667
0.031397026140215167;0.72849161707194099;10;0.73066405381472843;10;1;0.0001;0.73066405381472843
0.031661753862224688;0.72657147355574836;10;0.72873818423044323;10;1;0.0001;0.72873818423044323
0.031926481584234209;0.72465639111600599;10;0.72681739081527086;10;1;0.0001;0.72681739081527086
0.032191209306243723;0.72274635641285201;10;0.72490166018956881;10;1;0.0001;0.72490166018956881
0.032455937028253244;0.720841356141525;10;0.72299097900889919;10;1;0.0001;0.72299097900889919
0.032720664750262765;0.7189413770323978;10;0.72108533396406349;10;1;0.0001;0.72108533396406349
0.032985392472272286;0.71704640585078849;10;0.71918471178091259;10;1;0.0001;0.71918471178091259
0.0332501201942818;0.7151564293968532;10;0.71728909922023931;10;1;0.0001;0.71728909922023931
0.033514847916291321;0.71327143450562625;10;0.71539848307781861;10;1;0.0001;0.71539848307781861
0.033779575638300842;0.71139140804678991;10;0.71351285018417676;10;1;0.0001;0.71351285018417676
0.034044303360310363;0.70951633692464955;10;0.71163218740456657;10;1;0.0001;0.71163218740456657
0.034309031082319877;0.70764620807801537;10;0.70975648163884808;10;1;0.0001;0.70975648163884808
0.034573758804329398;0.70578100848013658;10;0.70788571982142345;10;1;0.0001;0.70788571982142345
0.034838486526338919;0.70392072513860471;10;0.70601988892113954;10;1;0.0001;0.70601988892113954
0.03510321424834844;0.70206534509520935;10;0.70415897594114318;10;1;0.0001;0.70415897594114318
0.035367941970357954;0.70021485542598849;10;0.70230296791893176;10;1;0.0001;0.70230296791893176
0.035632669692367475;0.69836924324091953;10;0.7004518519260432;10;1;0.0001;0.7004518519260432
0.035897397414376996;0.6965284956841048;10;0.69860561506824215;10;1;0.0001;0.69860561506824215
0.036162125136386516;0.69469259993337351;10;0.69676424448512086;10;1;0.0001;0.69676424448512086
0.03642685285839603;0.69286154320048365;10;0.69492772735030139;10;1;0.0001;0.69492772735030139
0.036691580580405551;0.69103531273080943;10;0.69309605087112236;10;1;0.0001;0.69309605087112236
0.036956308302415072;0.6892138958033931;10;0.6912692022886906;10;1;0.0001;0.6912692022886906
0.037221036024424593;0.68739727973081832;10;0.68944716887775481;10;1;0.0001;0.68944716887775481
0.037485763746434107;0.68558545185905284;10;0.6876299379465467;10;1;0.0001;0.6876299379465467
0.037750491468443628;0.68377839956744124;10;0.68581749683677518;10;1;0.0001;0.68581749683677518
0.038015219190453149;0.68197611026861515;10;0.68400983292353468;10;1;0.0001;0.68400983292353468
0.03827994691246267;0.68017857140835702;10;0.68220693361516971;10;1;0.0001;0.68220693361516971
0.038544674634472191;0.67838577046560811;10;0.68040878635328261;10;1;0.0001;0.68040878635328261
0.038809402356481705;0.67659769495218058;10;0.67861537861244414;10;1;0.0001;0.67861537861244414
0.039074130078491226;0.67481433241292854;10;0.67682669790036609;10;1;0.0001;0.67682669790036609
0.039338857800500747;0.67303567042545953;10;0.67504273175761087;10;1;0.0001;0.67504273175761087
0.039603585522510268;0.67126169660018009;10;0.67326346775763823;10;1;0.0001;0.67326346775763823
0.039868313244519782;0.66949239858007303;10;0.67148889350658081;10;1;0.0001;0.67148889350658081
0.040133040966529303;0.66772776404079981;10;0.66971899664334777;10;1;0.0001;0.66971899664334777
0.040397768688538824;0.66596778069040108;10;0.66795376483932356;10;1;0.0001;0.66795376483932356
0.040662496410548345;0.66421243626936388;10;0.66619318579843645;10;1;0.0001;0.66619318579843645
0.040927224132557859;0.66246171855054059;10;0.66443724725707587;10;1;0.0001;0.66443724725707587
0.04119195185456738;0.66071561533891343;10;0.66268593698385736;10;1;0.0001;0.66268593698385736
0.041456679576576901;0.65897411447162524;10;0.66093924277965266;10;1;0.0001;0.66093924277965266
0.041721407298586421;0.65723720381796413;10;0.65919715247757493;10;1;0.0001;0.65919715247757493
0.041986135020595935;0.65550487127913426;10;0.65745965394274863;10;1;0.0001;0.65745965394274863
0.042250862742605456;0.65377710478818885;10;0.65572673507224177;10;1;0.0001;0.65572673507224177
0.042515590464614977;0.65205389231006849;10;0.65399838379510522;10;1;0.0001;0.65399838379510522
0.042780318186624498;0.65033522184131454;10;0.65227458807208472;10;1;0.0001;0.65227458807208472
0.043045045908634012;0.64862108141029096;10;0.65055533589584358;10;1;0.0001;0.65055533589584358
0.043309773630643533;0.64691145907673431;10;0.64884061529051129;10;1;0.0001;0.64884061529051129
0.043574501352653054;0.64520634293196666;10;0.64713041431189688;10;1;0.0001;0.64713041431189688
0.043839229074662575;0.64350572109867421;10;0.64542472104726722;10;1;0.0001;0.64542472104726722
0.044103956796672089;0.64180958173079761;10;0.64372352361523688;10;1;0.0001;0.64372352361523688
0.04436868451868161;0.64011791301355936;10;0.6420268101657951;10;1;0.0001;0.6420268101657951
0.044633412240691131;0.63843070316329553;10;0.64033456888013807;10;1;0.0001;0.64033456888013807
0.044898139962700652;0.6367479404274381;10;0.63864678797065022;10;1;0.0001;0.63864678797065022
0.045162867684710166;0.63506961308437115;10;0.63696345568076074;10;1;0.0001;0.63696345568076074
0.045427595406719687;0.63339570944330836;10;0.63528456028482005;10;1;0.0001;0.63528456028482005
0.045692323128729208;0.63172621784439098;10;0.63361009008819835;10;1;0.0001;0.63361009008819835
0.045957050850738729;0.63006112665846481;10;0.63194003342706229;10;1;0.0001;0.63194003342706229
0.046221778572748243;0.6284004242869724;10;0.63027437866826608;10;1;0.0001;0.63027437866826608
0.046486506294757764;0.62674409916197249;10;0.62861311420937172;10;1;0.0001;0.62861311420937172
0.046751234016767285;0.62509213974598277;10;0.62695622847849108;10;1;0.0001;0.62695622847849108
0.047015961738776806;0.62344453453199566;10;0.62530370993430118;10;1;0.0001;0.62530370993430118
0.047280689460786327;0.62180127204323166;10;0.62365554706579762;10;1;0.0001;0.62365554706579762
0.047545417182795841;0.6201623408332666;10;0.62201172839242191;10;1;0.0001;0.62201172839242191
0.047810144904805361;0.61852772948575796;10;0.62037224246378664;10;1;0.0001;0.62037224246378664
0.048074872626814882;0.61689742661456892;10;0.61873707785980048;10;1;0.0001;0.61873707785980048
0.048339600348824403;0.61527142086341291;10;0.61710622319031117;10;1;0.0001;0.61710622319031117
0.048604328070833917;0.61364970090608972;10;0.61547966709534252;10;1;0.0001;0.61547966709534252
0.048869055792843438;0.61203225544613915;10;0.61385739824474705;10;1;0.0001;0.61385739824474705
0.049133783514852959;0.61041907321692646;10;0.6122394053382918;10;1;0.0001;0.6122394053382918
0.04939851123686248;0.60881014298157221;10;0.61062567710558779;10;1;0.0001;0.61062567710558779
0.049663238958871994;0.60720545353269662;10;0.60901620230583353;10;1;0.0001;0.60901620230583353
0.049927966680881515;0.60560499369250664;10;0.60741096972790276;10;1;0.0001;0.60741096972790276
0.050192694402891036;0.60400875231273954;10;0.60580996819028732;10;1;0.0001;0.60580996819028732
0.050457422124900557;0.60241671827439047;10;0.60421318654082445;10;1;0.0001;0.60421318654082445
0.050722149846910071;0.6008288804878813;10;0.60262061365686548;10;1;0.0001;0.60262061365686548
0.050986877568919592;0.59924522789280132;10;0.60103223844501674;10;1;0.0001;0.60103223844501674
0.051251605290929113;0.59766574945788686;10;0.59944804984111777;10;1;0.0001;0.59944804984111777
0.051516333012938634;0.59609043418098751;10;0.59786803681020895;10;1;0.0001;0.59786803681020895
0.051781060734948148;0.59451927108890468;10;0.59629218834636832;10;1;0.0001;0.59629218834636832
0.052045788456957669;0.5929522492374234;10;0.59472049347274381;10;1;0.0001;0.59472049347274381
0.05231051617896719;0.59138935771111001;10;0.59315294124135132;10;1;0.0001;0.59315294124135132
0.052575243900976711;0.58983058562335577;10;0.59158952073311666;10;1;0.0001;0.59158952073311666
0.052839971622986225;0.58827592211622781;10;0.59003022105772773;10;1;0.0001;0.59003022105772773
0.053104699344995746;0.5867253563603696;10;0.58847503135353352;10;1;0.0001;0.58847503135353352
0.053369427067005266;0.58517887755506492;10;0.58692394078760901;10;1;0.0001;0.58692394078760901
0.053634154789014787;0.58363647492795789;10;0.58537693855547401;10;1;0.0001;0.58537693855547401
0.053898882511024301;0.58209813773517693;10;0.58383401388121758;10;1;0.0001;0.58383401388121758
0.054163610233033822;0.58056385526110044;10;0.58229515601726312;10;1;0.0001;0.58229515601726312
0.054428337955043343;0.57903361681837484;10;0.58076035424438588;10;1;0.0001;0.58076035424438588
0.054693065677052864;0.57750741174785181;10;0.57922959787165129;10;1;0.0001;0.57922959787165129
0.054957793399062385;0.57598522941842578;10;0.57770287623625038;10;1;0.0001;0.57770287623625038
0.055222521121071899;0.57446705922706387;10;0.57618017870353089;10;1;0.0001;0.57618017870353089
0.05548724884308142;0.57295289059858545;10;0.57466149466677618;10;1;0.0001;0.57466149466677618
0.055751976565090941;0.5714427129858074;10;0.57314681354735009;10;1;0.0001;0.57314681354735009
0.056016704287100462;0.56993651586924809;10;0.57163612479440074;10;1;0.0001;0.57163612479440074
0.056281432009109976;0.56843428875723057;10;0.57012941788496407;10;1;0.0001;0.57012941788496407
0.056546159731119497;0.5669360211856731;10;0.56862668232375313;10;1;0.0001;0.56862668232375313
0.056810887453129018;0.56544170271810223;10;0.56712790764317189;10;1;0.0001;0.56712790764317189
0.057075615175138539;0.56395132294552719;10;0.56563308340318907;10;1;0.0001;0.56563308340318907
0.057340342897148053;0.5624648714864291;10;0.56414219919132669;10;1;0.0001;0.56414219919132669
0.057605070619157574;0.56098233798663688;10;0.56265524462253669;10;1;0.0001;0.56265524462253669
0.057869798341167095;0.5595037121192491;10;0.56117220933912149;10;1;0.0001;0.56117220933912149
0.058134526063176616;0.55802898358463515;10;0.55969308301073606;10;1;0.0001;0.55969308301073606
0.05839925378518613;0.55655814211027055;10;0.55821785533422208;10;1;0.0001;0.55821785533422208
0.058663981507195651;0.55509117745069536;10;0.55674651603356662;10;1;0.0001;0.55674651603356662
0.058928709229205171;0.55362807938752867;10;0.55527905485991658;10;1;0.0001;0.55527905485991658
0.059193436951214692;0.55216883772919423;10;0.55381546159130302;10;1;0.0001;0.55381546159130302
0.059458164673224206;0.55071344231111197;10;0.55235572603283434;10;1;0.0001;0.55235572603283434
0.059722892395233727;0.54926188299540657;10;0.55089983801640308;10;1;0.0001;0.55089983801640308
0.059987620117243248;0.54781414967096065;10;0.54944778740073907;10;1;0.0001;0.54944778740073907
0.060252347839252769;0.54637023225331949;10;0.54799956407131478;10;1;0.0001;0.54799956407131478
0.060517075561262283;0.54493012068457736;10;0.54655515794023091;10;1;0.0001;0.54655515794023091
0.060781803283271804;0.54349380493335175;10;0.54511455894619021;10;1;0.0001;0.54511455894619021
0.061046531005281325;0.54206127499469503;10;0.54367775705440935;10;1;0.0001;0.54367775705440935
0.061311258727290846;0.54063252089003322;10;0.54224474225655706;10;1;0.0001;0.54224474225655706
0.06157598644930036;0.53920753266710986;10;0.54081550457069805;10;1;0.0001;0.54081550457069805
0.061840714171309881;0.53778630039985775;10;0.53939003404116492;10;1;0.0001;0.53939003404116492
0.062105441893319402;0.53636881418845817;10;0.53796832073861622;10;1;0.0001;0.53796832073861622
0.062370169615328923;0.53495506415909255;10;0.53655035475978907;10;1;0.0001;0.53655035475978907
0.062634897337338444;0.5335450404640063;10;0.53513612622756146;10;1;0.0001;0.53513612622756146
0.062899625059347958;0.53213873328137629;10;0.53372562529082079;10;1;0.0001;0.53372562529082079
0.063164352781357472;0.53073613281534582;10;0.53231884212449798;10;1;0.0001;0.53231884212449798
0.063429080503367;0.52933722929576943;10;0.53091576692931175;10;1;0.0001;0.53091576692931175
0.063693808225376514;0.52794201297833709;10;0.52951638993189376;10;1;0.0001;0.52951638993189376
0.063958535947386042;0.52655047414439116;10;0.52812070138460432;10;1;0.0001;0.52812070138460432
0.064223263669395556;0.52516260310090424;10;0.52672869156551028;10;1;0.0001;0.52672869156551028
0.06448799139140507;0.52377839018032968;10;0.52534035077823538;10;1;0.0001;0.52534035077823538
0.064752719113414597;0.52239782574071458;10;0.52395566935207361;10;1;0.0001;0.52395566935207361
0.065017446835424111;0.52102090016543445;10;0.52257463764172218;10;1;0.0001;0.52257463764172218
0.065282174557433639;0.51964760386325859;10;0.52119724602734885;10;1;0.0001;0.52119724602734885
0.065546902279443153;0.5182779272682343;10;0.51982348491447394;10;1;0.0001;0.51982348491447394
0.065811630001452667;0.51691186083957597;10;0.5184533447338604;10;1;0.0001;0.5184533447338604
0.066076357723462195;0.51554939506166708;10;0.51708681594151484;10;1;0.0001;0.51708681594151484
0.066341085445471709;0.51419052044402447;10;0.51572388901865285;10;1;0.0001;0.51572388901865285
0.066605813167481223;0.512835227521103;10;0.51436455447150176;10;1;0.0001;0.51436455447150176
0.066870540889490751;0.51148350685235877;10;0.51300880283136507;10;1;0.0001;0.51300880283136507
0.067135268611500265;0.51013534902211388;10;0.51165662465448636;10;1;0.0001;0.51165662465448636
0.067399996333509793;0.50879074463948848;10;0.51030801052198094;10;1;0.0001;0.51030801052198094
0.067664724055519307;0.50744968433839943;10;0.50896295103983547;10;1;0.0001;0.50896295103983547
0.067929451777528821;0.50611215877740101;10;0.50762143683874672;10;1;0.0001;0.50762143683874672
0.068194179499538349;0.50477815863973374;10;0.50628345857417167;10;1;0.0001;0.50628345857417167
0.068458907221547863;0.50344767463311024;10;0.50494900692611244;10;1;0.0001;0.50494900692611244
0.068723634943557377;0.5021206974898007;10;0.50361807259920199;10;1;0.0001;0.50361807259920199
0.068988362665566905;0.50079721796648147;10;0.50229064632255183;10;1;0.0001;0.50229064632255183
0.069253090387576419;0.49947722684419416;10;0.50096671884971178;10;1;0.0001;0.50096671884971178
0.069517818109585947;0.49816071492828212;10;0.4996462809586058;10;1;0.0001;0.4996462809586058
0.069782545831595461;0.4968476730483074;10;0.4983293234514487;10;1;0.0001;0.4983293234514487
0.070047273553604975;0.49553809205804056;10;0.49701583715473596;10;1;0.0001;0.49701583715473596
0.070312001275614502;0.4942319628352953;10;0.49570581291907806;10;1;0.0001;0.49570581291907806
0.070576728997624016;0.49292927628200828;10;0.49439924161928023;10;1;0.0001;0.49439924161928023
0.07084145671963353;0.49163002332404765;10;0.49309611415415056;10;1;0.0001;0.49309611415415056
0.071106184441643058;0.49033419491120589;10;0.49179642144649288;10;1;0.0001;0.49179642144649288
0.071370912163652572;0.48904178201712767;10;0.4905001544430343;10;1;0.0001;0.4905001544430343
0.0716356398856621;0.48775277563928238;10;0.48920730411439767;10;1;0.0001;0.48920730411439767
0.071900367607671614;0.48646716679879981;10;0.48791786145493704;10;1;0.0001;0.48791786145493704
0.072165095329681128;0.48518494654054956;10;0.48663181748281659;10;1;0.0001;0.48663181748281659
0.072429823051690656;0.48390610593295558;10;0.48534916323982558;10;1;0.0001;0.48534916323982558
0.07269455077370017;0.48263063606800649;10;0.48406988979138793;10;1;0.0001;0.48406988979138793
0.072959278495709698;0.48135852806115342;10;0.48279398822646002;10;1;0.0001;0.48279398822646002
0.073224006217719212;0.48008977305130218;10;0.48152144965752303;10;1;0.0001;0.48152144965752303
0.073488733939728726;0.47882436220065822;10;0.48025226522042719;10;1;0.0001;0.48025226522042719
0.073753461661738254;0.47756228669477058;10;0.47898642607443592;10;1;0.0001;0.47898642607443592
0.074018189383747768;0.47630353774240897;10;0.47772392340210235;10;1;0.0001;0.47772392340210235
0.074282917105757282;0.47504810657546748;10;0.47646474840917347;10;1;0.0001;0.47646474840917347
0.07454764482776681;0.47379598444904514;10;0.47520889232466984;10;1;0.0001;0.47520889232466984
0.074812372549776324;0.47254716264121011;10;0.4739563464006501;10;1;0.0001;0.4739563464006501
0.075077100271785852;0.47130163245302864;10;0.47270710191223919;10;1;0.0001;0.47270710191223919
0.075341827993795366;0.47005938520855534;10;0.47146115015761914;10;1;0.0001;0.47146115015761914
0.07560655571580488;0.46882041225464299;10;0.47021848245783826;10;1;0.0001;0.47021848245783826
0.075871283437814407;0.46758470496098281;10;0.46897909015685124;10;1;0.0001;0.46897909015685124
0.076136011159823921;0.46635225472001951;10;0.467742964621434;10;1;0.0001;0.467742964621434
0.076400738881833435;0.46512305294688083;10;0.46651009724111353;10;1;0.0001;0.46651009724111353
0.076665466603842963;0.46389709107929838;10;0.46528047942808759;10;1;0.0001;0.46528047942808759
0.076930194325852477;0.46267436057760408;10;0.46405410261722213;10;1;0.0001;0.46405410261722213
0.077194922047862005;0.46145485292463223;10;0.46283095826595222;10;1;0.0001;0.46283095826595222
0.077459649769871519;0.46023855962564358;10;0.46161103785420643;10;1;0.0001;0.46161103785420643
0.077724377491881033;0.45902547220831763;10;0.46039433288439902;10;1;0.0001;0.46039433288439902
0.077989105213890561;0.45781558222267893;10;0.45918083488135569;10;1;0.0001;0.45918083488135569
0.078253832935900075;0.45660888124095611;10;0.45797053539217253;10;1;0.0001;0.45797053539217253
0.078518560657909589;0.45540536085765548;10;0.45676342598628988;10;1;0.0001;0.45676342598628988
0.078783288379919117;0.45420501268940461;10;0.4555594982553352;10;1;0.0001;0.4555594982553352
0.079048016101928631;0.45300782837495901;10;0.45435874381312985;10;1;0.0001;0.45435874381312985
0.079312743823938159;0.45181379957509066;10;0.4531611542955773;10;1;0.0001;0.4531611542955773
0.079577471545947673;0.45062291797255166;10;0.45196672136062688;10;1;0.0001;0.45196672136062688
