# omega_d;r_re_0;r_im_0;r_re_1;r_im_1;last_population_1_0;last_population_1_1;last_population_2_0;last_population_2_1;last_res_population_0;last_res_population_1
5001.5;0.8039477694433983;0.59473831920918729;0.009337544196321601;0.9981701230746679;0.0049146226081306383;1.0015015824513853;4.9422329616047797e-05;5.2707001920937959e-05;1.6460044443695709;7.9236773603607045
5001.5050000000001;0.80270914720325681;0.59640970621085565;-0.0005610310742989455;0.99816236205732822;0.0049443143637384387;1.0015379662208359;4.9215214591741385e-05;5.2430012828784636e-05;1.6559827762039721;8.0008623411495936
5001.5100000000002;0.80145927406451589;0.59808854819676516;-0.010554878624344566;0.99805364934782337;0.0049742651249056295;1.0015748159367077;4.9007164899270447e-05;5.2165060727001294e-05;1.6660484192912088;8.07876756284886
5001.5150000000003;0.80019803648807464;0.59977485828861865;-0.020643791938648182;0.99784107205355521;0.005004477436575186;1.0016121379485996;4.8798178681813949e-05;5.1912557314656284e-05;1.6762022355050334;8.1573909074105142
5001.5200000000004;0.79892532142786143;0.60146865075677791;-0.030827502709270815;0.9975216699385876;0.0050349538858310058;1.0016499385478774;4.8588254224771676e-05;5.1672921750671093e-05;1.6864451010131671;8.2367297973168814
5001.5249999999996;0.79764101617541183;0.60316994123005341;-0.041105678589272721;0.99709243568101802;0.0050656971061499353;1.0016882239541065;4.8377389932786771e-05;5.144658060285767e-05;1.696777907709768;8.3167811775773703
5001.5299999999997;0.79634500818062004;0.60487874689354115;-0.05147792087651637;0.99655031516275183;0.0050967097816700894;1.0017270003005392;4.8165584305524304e-05;5.1233967788787405e-05;1.7072015646537104;8.3975414969005637
5001.5349999999999;0.79503718485379304;0.60659508666701534;-0.061943762092114385;0.99589220779817189;0.005127994651349054;1.0017662736173008;4.7952835912974532e-05;5.103552450837353e-05;1.7177169994702259;8.4790066877723156
5001.54;0.79371743334571287;0.60831898136843721;-0.072502663486836649;0.99511496690916978;0.0051595545130918392;1.0018060498136734;4.7739143369852487e-05;5.0851699166606397e-05;1.7283251597427371;8.5611721457095022
5001.5450000000001;0.79238564031127923;0.6100504538556224;-0.083154012440930236;0.99421540015477572;0.0051913922277245159;1.0018463346581385;4.7524505309870228e-05;5.0682947286151864e-05;1.7390270143531854;8.6440327074323378
5001.5500000000002;0.79104169165705884;0.61178952914674589;-0.093897119764525749;0.99319027002510019;0.0052235107228170742;1.001887133756856;4.730892036001822e-05;5.0529731408607159e-05;1.7498235547720462;8.7275826280267488
5001.5550000000003;0.78968547227548258;0.61353623451707973;-0.10473121689249898;0.9920362944095944;0.0052559129963087939;1.0019284525301719;4.7092387115076434e-05;5.0392520983363243e-05;1.7607157962823223;8.8118155570658576
5001.5600000000004;0.78831686576772686;0.61529059957139154;-0.11565545297063817;0.99075014725087218;0.0052886021199108936;1.0019702961873773;4.687490411272315e-05;5.0271792242934877e-05;1.7717047791290246;8.8967245136861752
5001.5649999999996;0.78693575415819617;0.61705265629014028;-0.12666889182814578;0.98932845929608026;0.0053215812422447396;1.0020126696992704;4.6656469809496829e-05;5.0168028063472334e-05;1.7827915695801029;8.9823018606018312
5001.5699999999997;0.78554201760161857;0.61882243905063539;-0.13777050884765174;0.98776781895725052;0.0053548535917250064;1.0020555777690823;4.6437082557671016e-05;5.0081717809053635e-05;1.7939772609019808;9.0685392771674458
5001.5749999999998;0.78413553408909853;0.62059998461810184;-0.14895918770139205;0.98606477329751585;0.0053884224790736509;1.0020990248010804;4.6216740583880658e-05;5.00133571585682e-05;1.8052629742112913;9.1554277312720505
5001.5799999999999;0.78271617915087066;0.62238533211234681;-0.16023371699469213;0.98421582915230521;0.0054222912995596532;1.0021430148674073;4.5995441968975099e-05;4.9963447913340447e-05;1.8166498592347289;9.2429574504105609
5001.585;0.78128382556223985;0.62417852294544907;-0.17159278678809442;0.98221745440367103;0.0054564635348556953;1.0021875516727006;4.5773184629883007e-05;4.9932497784199279e-05;1.8281390949404077;9.3311178917396731
5001.5900000000001;0.77983834305390243;0.62597960073267123;-0.18303498501385551;0.98006607942153345;0.0054909427545319295;1.0022326385171272;4.5549966303503556e-05;4.9921020156303451e-05;1.8397318900474606;9.4198977112692326
5001.5950000000003;0.77837959802958334;0.62778861117663887;-0.19455879378820629;0.97775809868681329;0.005525732617167353;1.0022782782570523;4.5325784532839352e-05;4.9929533830027589e-05;1.8514294834073288;9.5092847322313219
5001.6000000000004;0.776907453293608;0.62960560192574944;-0.206162585626122;0.97528987261253552;0.0055608368710709146;1.0023244732641186;4.5100636655543204e-05;4.9958562736259885e-05;1.8632331442540417;9.5992659127103792
5001.6049999999996;0.77542176779127292;0.63143062240751135;-0.21784461956331658;0.9726577295787997;0.005596259354599468;1.0023712253824917;4.4874519795072874e-05;5.0008635624385665e-05;1.8751441723191418;9.6898273126030894
5001.6099999999997;0.7739223963627716;0.63326372364007022;-0.22960303720707009;0.96985796819419867;0.0056320039961112039;1.0024185358843707;4.464743085432106e-05;5.0080285721299236e-05;1.8871638978242029;9.7809540601066534
5001.6149999999998;0.772409189516992;0.63510495801859379;-0.24143585869441031;0.96688685980662403;0.0056680748134611825;1.0024664054238428;4.441936651244791e-05;5.0174050359599436e-05;1.8992936813195125;9.872630317601546
5001.6199999999999;0.77088199322201789;0.63695437908491981;-0.25334097861208527;0.96374065126887654;0.0057044759131734853;1.0025148339892933;4.4190323224147651e-05;5.0290470573482038e-05;1.9115349134141277;9.9648392473810414
5001.625;0.76934064871819419;0.63881204127752855;-0.26531616186016715;0.96041556798119432;0.0057412114892064397;1.0025638208546273;4.3960297222022201e-05;5.0430090660578732e-05;1.9238890143691647;10.057562977117749
5001.6300000000001;0.76778499235394371;0.64067799966604067;-0.27735903948665142;0.95690781722166052;0.0057782858213636032;1.0026133645289617;4.3729284521811623e-05;5.0593457708196839e-05;1.9363574335720124;10.150782565308379
5001.6350000000002;0.76621485544609269;0.64255230967222265;-0.28946710450836299;0.95321359177894949;0.0058157032733632307;1.0026634627056825;4.3497280930510998e-05;5.0781121082495688e-05;1.9489416488957221;10.244477966843798
5001.6400000000003;0.76463006416592205;0.64443502678020126;-0.30163770773589271;0.94932907389962851;0.0058534682905902963;1.0027141122104533;4.3264282057341687e-05;5.0993631879167728e-05;1.9616431659516242;10.338627998867874
5001.6450000000004;0.76303043945201632;0.64632620623840675;-0.31386805362249315;0.94525043956167565;0.0058915853975562635;1.0027653089486364;4.3030283327472459e-05;5.1231542334368249e-05;1.9744635172436249;10.433210307104913
5001.6499999999996;0.76141579695085304;0.6482259027556303;-0.32615519615611177;0.9409738630856298;0.0059300591950900853;1.0028170478523997;4.2795279998459036e-05;5.1495405194682847e-05;1.9874042612320462;10.528201332826873
5001.6549999999997;0.75978594698379376;0.65013417019636777;-0.33849603483053525;0.93649552208757025;0.0059688943573371492;1.0028693228276573;4.25592671790043e-05;5.1785773045423776e-05;2.000466981332782;10.623576280759513
5001.6599999999999;0.75814069454515731;0.65205106127275902;-0.35088731068603818;0.93181160279337261;0.0060080956284942113;1.0029221267009851;4.232223985052279e-05;5.2103197595693814e-05;2.0136532848275555;10.719309087871803
5001.665;0.7564798393251746;0.65397662724324723;-0.36332560248972245;0.92691830570491529;0.006047667819461696;1.0029754511671101;4.2084192890482367e-05;5.2448228920529827e-05;2.0269648017462436;10.815372393607309
5001.6700000000001;0.75480317576200751;0.65591091761537612;-0.3758073230480703;0.92181185163397283;0.0060876158043465531;1.0030292867368218;4.1845121097955147e-05;5.2821414658950664e-05;2.0404031836987899;10.911737511513042
5001.6750000000002;0.75311049312006129;0.65785397985798522;-0.38832871569284144;0.91648848810191652;0.0061279445169041963;1.0030836226859798;4.1605019220913217e-05;5.3223299167973369e-05;2.0539701026864701;11.008374402594155
5001.6800000000003;0.75140157559414755;0.65980585912477463;-0.40088585096618345;0.91094449610640449;0.006168658946951816;1.0031384470056619;4.1363881985055936e-05;5.3654422632530811e-05;2.0676672499033457;11.105251650601986
5001.6850000000004;0.74967620243797295;0.66176659799223048;-0.41347462353408981;0.90517619725367648;0.006209764136802071;1.0031937463538978;4.112170412392931e-05;5.4115320131535111e-05;2.0814963345444055;11.202336439485119
5001.6899999999996;0.74793414811584469;0.66373623621388855;-0.42609074935548574;0.89917996125369037;0.0062512651777530742;1.0032495060092026;4.0878480410102349e-05;5.460652066049406e-05;2.0954590826324444;11.299594533215503
5001.6949999999997;0.74617518247379844;0.66571481049541104;-0.43872976315082024;0.89295221376572365;0.0062931672067260778;1.0033057098263285;4.0634205686856454e-05;5.512854611198676e-05;2.1095572358944601;11.396990258326918
5001.6999999999998;0.74439907093280144;0.66770235428749136;-0.45138701616616816;0.88648944460253654;0.0063354754029849745;1.0033623401944223;4.0388874900791836e-05;5.5681910213680507e-05;2.1237925506653808;11.494486489130418
5001.7049999999999;0.74260557469545829;0.66969889760544621;-0.46405767430918687;0.87978821626061665;0.0063781949851310612;1.0034193779981553;4.0142483134138222e-05;5.6267117427030117e-05;2.1381667968842399;11.592044636187861
5001.71;0.74079445096858498;0.67170446687187901;-0.47673671665266393;0.87284517277960394;0.00642133120830284;1.0034768025817948;3.9895025637165408e-05;5.688466180690834e-05;2.152681757159161;11.689624637999882
5001.7150000000001;0.73896545319677143;0.67371908478622267;-0.48941893434980543;0.86565704890891471;0.006464889361672185;1.0035345917168759;3.9646497860144549e-05;5.7535025824647858e-05;2.1673392259319244;11.787184956234855
5001.7200000000003;0.73711833130484083;0.67574277022179263;-0.50209892998840089;0.8582206795645636;0.0065088747662638106;1.0035927215736391;3.9396895484604573e-05;5.8218679156609116e-05;2.1821410087511843;11.884682574691842
5001.7250000000004;0.73525283194595215;0.67777553815134983;-0.51477111741258952;0.85053300955538336;0.0065532927731388546;1.0036511666964483;3.9146214453623622e-05;5.8936077440780066e-05;2.1970889216681089;11.982073002198874
5001.7299999999996;0.73336869875287491;0.67981739960129706;-0.52742972203830396;0.84259110355730404;0.0065981487619661662;1.0037098999837055;3.8894451000914387e-05;5.9687661004109947e-05;2.2121847907624081;12.079310279625798
5001.7349999999997;0.73146567258707429;0.68186836163742182;-0.54006878170294415;0.83439215630126307;0.006643448140065354;1.003768892672529;3.8641601678215644e-05;6.047385356449111e-05;2.227430451827082;12.17634699129893
5001.7399999999998;0.72954349178794464;0.68392842737584703;-0.55268214804002413;0.82593350296845269;0.0066891963418187241;1.0038281143280641;3.8387663381388623e-05;6.1295060908735549e-05;2.2428277501772964;12.273134280720202
5001.7449999999999;0.72760189241184525;0.68599759602723098;-0.56526348844969387;0.81721262973408593;0.0067353988286480582;1.0038875328384929;3.8132633374144412e-05;6.2151669552989612e-05;2.258378540649403;12.369621871106791
5001.75;0.72564060846327316;0.68807586296720114;-0.57780628865201278;0.80822718444817898;0.0067820610894448637;1.003947114415052;3.787650930984882e-05;6.3044045387450771e-05;2.2740846877526444;12.465758090619545
5001.7550000000001;0.72365937211299269;0.6901632198347013;-0.59030385585824785;0.79897498741063666;0.0068291886415214271;1.0040068235981348;3.7619289250978523e-05;6.3972532310481233e-05;2.2899480659962856;12.561489902519266
5001.7600000000002;0.72165791390047596;0.69225965465661743;-0.60274932257563174;0.78945404220481308;0.0068767870320838266;1.0040666232691955;3.7360971686136888e-05;6.4937450856419518e-05;2.3059705603925975;12.656762940335055
5001.7650000000003;0.71963596291801313;0.69436515199676385;-0.61513565106151935;0.7796625465510193;0.0069248618402290062;1.0041264746684928;3.7101555544488643e-05;6.593909682175193e-05;2.3221540671364744;12.751521548132368
5001.7700000000004;0.717593246973659;0.69647969312793923;-0.62745563844155727;0.76959890313982782;0.0069734186794696978;1.004186337419616;3.6841040207546421e-05;6.6977739894655288e-05;2.3385004944630143;12.845708825956923
5001.7749999999996;0.7155294927310798;0.69860325622394293;-0.63970192249928859;0.75926173040448752;0.0070224632007685498;1.0042461695598883;3.6579425518280737e-05;6.8053622292706332e-05;2.3550117636768597;12.939266680474462
5001.7799999999997;0.71344442582177303;0.70073581657198614;-0.65186698816009581;0.74864987317819642;0.0070720010961270296;1.0043059275777875;3.631671178724321e-05;6.9166957415324695e-05;2.3716898103686903;13.032135880944969
5001.7849999999999;0.71133777093321249;0.70287734679676939;-0.66394317464011965;0.73776241321929703;0.007122038102578351;1.004365566456447;3.6052899796420478e-05;7.0317928513353482e-05;2.388536585768203;13.124256120269376
5001.79;0.70920925186376915;0.70502781710139328;-0.67592268330807759;0.72659867952156088;0.0071725800067426876;1.0044250397242338;3.5787990799897234e-05;7.1506687385302828e-05;2.405554058286913;13.21556608143829
5001.7950000000001;0.70705859154852901;0.70718719551601139;-0.68779758622488263;0.71515825839082492;0.0072236326497834074;1.0044842995117671;3.5521986522101789e-05;7.2733353102958788e-05;2.4227442151965546;13.306003509077289
5001.8000000000002;0.70488551205254502;0.70935544815391927;-0.69955983537038002;0.70344100322973602;0.0072752019327911128;1.0045432966155596;3.5254889153455899e-05;7.3998010773254581e-05;2.4401090644521601;13.395505286124029
5001.8050000000003;0.7026897345311689;0.71153253947079387;-0.71120127254805854;0.69144704398522916;0.0073272938225465599;1.004601980568566;3.4986701343572783e-05;7.5300710342020896e-05;2.4576506366434248;13.484007515531914
5001.8100000000004;0.70047097915687795;0.71371843252420131;-0.72271363995558291;0.67917679621086824;0.0073799143576263665;1.0046602997167675;3.4717426192182701e-05;7.6641465445305426e-05;2.4753709870622451;13.571445606873105
5001.8149999999996;0.6982289650127067;0.71591308922958741;-0.73408859140606197;0.66663096969935354;0.007433069654800597;1.0047182013026026;3.4447067238007084e-05;7.8020252313896232e-05;2.4932721978693588;13.657754367692972
5001.8199999999997;0.69596340995027983;0.71811647061132644;-0.74531770419352683;0.6538105766242106;0.0074867659157273154;1.0047756315543912;3.417562844548004e-05;7.9437008738166107e-05;2.5113563803618608;13.742868099534093
5001.8249999999998;0.69367403041871278;0.72032853703995514;-0.75639249155117017;0.64071693917901673;0.0075410094337570784;1.0048325357820496;3.3903114190287153e-05;8.0891633095221587e-05;2.5296256772786556;13.826720698209247
5001.8299999999999;0.69136054125739244;0.72254924845970114;-0.76730441571809616;0.62735169662296197;0.0075958066009806889;1.004888858478415;3.3629529242998113e-05;8.2383983448760674e-05;2.5480822651888029;13.909245758413682
5001.835;0.68902265545965258;0.72477856459759604;-0.77804490155598427;0.61371681172300518;0.0076511639153276712;1.0049445434263466;3.3354878751787719e-05;8.3913876723400483e-05;2.5667283568979382;13.990376682205893
5001.8400000000001;0.68666008390658262;0.72701644515295061;-0.78860535069648385;0.59981457653641845;0.0077070879877121695;1.0049995338111988;3.3079168224234225e-05;8.5481087960118346e-05;2.5855662038717235;14.070046791187202
5001.8450000000003;0.68427253507314889;0.72926284996395563;-0.79897715618198428;0.58564761749503558;0.0077635855491600394;1.0050537723380755;3.2802403508548896e-05;8.7085349657534193e-05;2.604598098654022;14.148189442073917
5001.8500000000004;0.68185971470869644;0.73151773914870211;-0.80915171756245741;0.57121889975253359;0.0078206634578612214;1.0051072013539588;3.2524590774530094e-05;8.8726351203862993e-05;2.6238263772610106;14.224738145360806
5001.8549999999996;0.67942132549471079;0.7337810732174459;-0.81912045640514042;0.55653173076081353;0.0078783287060769404;1.0051597629740472;3.2245736494638734e-05;9.040373840366667e-05;2.6432534215275116;14.299626686730436
5001.8599999999997;0.67695706667987965;0.73605281315624016;-0.82887483218389391;0.54158976302521511;0.0079365884269064664;1.0052113992119172;3.1965847425156966e-05;9.211711310547701e-05;2.6628816614071478;14.372789250942146
5001.8649999999998;0.67446663370191717;0.73833292047371246;-0.83840635847492018;0.52639699604763013;0.0079954499007017146;1.0052620521131996;3.1684930588568651e-05;9.3866032929548396e-05;2.6827135771550061;14.444160547635621
5001.8699999999999;0.67194971779041512;0.74062135721742151;-0.84770661944522052;0.51095777737546499;0.0080549205612833515;1.0053116638921096;3.1402993256422824e-05;9.5650011105366593e-05;2.702751701444571;14.513675938934272
5001.875;0.66940600556067198;0.7429180859520228;-0.85676728655580336;0.49527680277143632;0.0081150080017482525;1.0053601770706944;3.1120042933767151e-05;9.7468516417512834e-05;2.7229986213481214;14.581271568253536
5001.8800000000001;0.66683517859929065;0.74522306970055863;-0.86558013543605172;0.47935911546623083;0.0081757199798817952;1.0054075346198963;3.0836087345145874e-05;9.9320973264406084e-05;2.7434569801851318;14.646884489980309
5001.8850000000002;0.66423691304534027;0.74753627184788785;-0.87413706287235993;0.46321010447843602;0.0082370644231204437;1.0054536801020983;3.0551134422507968e-05;0.00010120676183193276;2.7641294792202262;14.710452799591529
5001.8900000000003;0.66161087917100447;0.74985765600530596;-0.88243010385357712;0.44683550198711441;0.0082990494330170035;1.0054985578146891;3.0265192295289354e-05;0.00010312521838389189;2.7850188791946797;14.771915763780195
5001.8950000000004;0.6589567409650241;0.75218718583677435;-0.8904514486149615;0.43024137974626503;0.008361683289176804;1.0055421129340096;2.9978269282937853e-05;0.00010507563567057846;2.8061280016806647;14.831213950151245
5001.8999999999996;0.65627415572340198;0.75452482484615169;-0.89819345961891517;0.41343414453730681;0.0084249744526135682;1.0055842916590196;2.9690373890151379e-05;0.00010705726345614275;2.8274597302409843;14.888289356028718
5001.9049999999997;0.65356277364778725;0.75687053612897215;-0.90564868842109703;0.39642053263855209;0.0084889315685715682;1.0056250413544432;2.9401514804746279e-05;0.00010906930916731162;2.8490170114099107;14.943085535992777
5001.9099999999999;0.65082223746252976;0.75922428208316828;-0.91280989233897469;0.37920760335878484;0.0085535634686159101;1.0056643106922731;2.9111700899116716e-05;0.00011111093865797922;2.8708028554282983;14.995547727535152
5001.915;0.64805218204417692;0.7615860240886122;-0.91967005089048159;0.36180273157952691;0.0086188791722032233;1.0057020497917086;2.8820941234394619e-05;0.000113181277096346;2.8928203368044692;15.045622974597926
5001.9200000000001;0.64525223407379195;0.7639557221509734;-0.92622238191993023;0.34421359936143109;0.0086848878875537151;1.0057382103565229;2.8529245068233319e-05;0.00011527940996811458;2.9150725946404386;15.093260248388471
5001.9250000000002;0.64242201171247637;0.76633333451421692;-0.93246035735848865;0.32644818661046116;0.0087515990118853058;1.0057727458092118;2.8236621865992493e-05;0.00011740438419626564;2.9375628327438839;15.138410565088577
5001.9300000000003;0.63956112430338297;0.7687188172439372;-0.93837771855868235;0.30851476082528712;0.0088190221310034313;1.0058056114218734;2.7943081315452764e-05;0.00011955520937502809;2.9602943195236247;15.181027100020501
5001.9350000000004;0.6366691721028952;0.77111212378386851;-0.94396849114284431;0.29042186594808339;0.0088871670182529613;1.0058367644427351;2.7648633345080428e-05;0.00012173085911535092;2.9832703876707125;15.22106529783569
5001.9399999999996;0.63374574604379774;0.77351320448847483;-0.94922699930714383;0.27217831034865447;0.0089560436328389482;1.0058661642179436;2.7353288145922826e-05;0.00012393027249835812;3.0064944336272963;15.258482978308178
5001.9449999999997;0.63079042752947645;0.77592200613670292;-0.95414787953085467;0.25379315395240681;0.0090256621176070528;1.005893772308379;2.705705619674725e-05;0.00012615235563564705;3.029969916873855;15.293240437372942
5001.9499999999998;0.62780278826863045;0.77833847142453361;-0.95872609362211203;0.23527569459642184;0.009096032796131465;1.005919552600564;2.6759948293203808e-05;0.00012839598332620996;3.0537003589833609;15.325300542919045
5001.9549999999999;0.62478239014141979;0.78076253844780363;-0.96295694106726959;0.21663545358541345;0.0091671661693891772;1.0059434714113853;2.6461975579819819e-05;0.00013066000081349367;3.0776893425363503;15.354628825105765
5001.96;0.62172878510594165;0.78319414017303313;-0.96683607062003896;0.19788216053913701;0.0092390729118774061;1.0059654975862882;2.616314958550809e-05;0.00013294322563155305;3.1019405098485415;15.381193560750006
5001.9650000000001;0.61864151514254484;0.78563320390201075;-0.97035949108924968;0.17902573755658446;0.0093117638672913436;1.005985602590274;2.586348226212421e-05;0.000135244449537249;3.1264575615504206;15.404965851496954
5001.9700000000003;0.6155201122366103;0.78807965073427444;-0.97352358128053651;0.16007628274876237;0.0093852500438068656;1.0060037605914456;2.5562986025936197e-05;0.00013756244052222209;3.1512442550337978;15.425919695460339
5001.9750000000004;0.61236409839975481;0.79053339503053799;-0.97632509905150888;0.14104405319154864;0.0094595426090188697;1.0060199485367549;2.5261673801802911e-05;0.00013989594489844122;3.1763044027823537;15.444032052052252
5001.9799999999996;0.60917298572947165;0.79299434388094781;-0.97876118944264623;0.12193944735636544;0.0095346528845842663;1.0060341462194338;2.4959559069881579e-05;0.00014224368945025989;3.201641870602649;15.459282899740542
5001.9849999999997;0.60594627650261668;0.79546239658441253;-0.98082939185349538;0.10277298705462914;0.0096105923407174883;1.0060463363381444;2.4656655914292409e-05;0.0001446043836486853;3.2272605758054311;15.471655286524598
5001.9899999999998;0.60268346331024958;0.7979374441359135;-0.98252764622746946;0.083555299007163297;0.009687372590398171;1.0060565045470842;2.4352979074284923e-05;0.0001469767219141956;3.2531644852898451;15.481135372882036
5001.9949999999999;0.59938402922033873;0.80041936873430286;-0.98385429822937676;0.064297096030151629;0.0097650053836367372;1.0060646394974397;2.4048543996538087e-05;0.00014935938592922719;3.2793576136471492;15.487712467076477
5002;0.59604744797495535;0.80290804330717935;-0.98480810338653813;0.045009157952427999;0.0098435026016641981;1.0060707328693657;2.3743366889113606e-05;0.00015175104698621428;3.3058440212388134;15.491379052634608
5002.0050000000001;0.59267318421607151;0.80540333105841644;-0.98538823018015309;0.025702312307418328;0.0099228762511991784;1.0060747793949285;2.343746477642557e-05;0.00015415036836589958;3.332627812300593;15.49213080790607
5002.0100000000002;0.58926069373758216;0.80790508504115743;-0.9855942620727498;0.0063874148683668152;0.01000313845885723;1.006076776871446;2.3130855555000994e-05;0.00015655600773743826;3.3597131330945653;15.489966617617334
5002.0150000000003;0.58580942376065681;0.81041314775816597;-0.98542619846404134;-0.012924669907207493;0.010084301465768322;1.0060767261655061;2.2823558049681292e-05;0.00015896661957221108;3.3871041701313169;15.484888576375782
5002.0200000000004;0.58231881322883461;0.81292735079226242;-0.98488445457075113;-0.032223088457454148;0.010166377622481146;1.0060746312073057;2.251559207000875e-05;0.00016138085756309579;3.414805148488893;15.476901984104583
5002.0249999999996;0.57878829312007718;0.81544751446798713;-0.98396986023197552;-0.051497017650562402;0.010249379384205134;1.006070498975792;2.2206978466503967e-05;0.00016379737704061632;3.4428203302456843;15.466015333431823
5002.0299999999997;0.57521728676793771;0.81797344754863921;-0.98268365764314147;-0.070735684228321993;0.010333319306550936;1.0060643394741973;2.1897739186260931e-05;0.00016621483738030719;3.471154013081561;15.452240289062962
5002.0349999999999;0.57160521019766464;0.8205049469630239;-0.98102749803164202;-0.08992838404059024;0.010418210041604429;1.0060561656964313;2.158789732837886e-05;0.00016863190438661077;3.499810528991655;15.435591659253335
5002.04;0.5679514724601884;0.82304179757150808;-0.97900343728410655;-0.10906450107592176;0.01050406433469815;1.0060459935842183;2.1277477197888429e-05;0.00017104725265397334;3.5287942432356747;15.416087359448044
5002.0450000000001;0.56425547596950854;0.82558377196477017;-0.9766139305464665;-0.1281335261720912;0.010590895021706636;1.0060338419754298;2.0966504358742896e-05;0.0001734595678906741;3.5581095534642819;15.393748368263067
5002.0500000000002;0.56051661683532772;0.82813063029785805;-0.97386182581824032;-0.14712507536535788;0.010678715027009058;1.0060197325436586;2.065500568535375e-05;0.00017586754920020136;3.5877608890710357;15.368598675968103
5002.0550000000003;0.55673428518752854;0.8306821201580149;-0.97075035656763009;-0.16602890781453403;0.01076753736214198;1.0060036897293358;2.0343009412509331e-05;0.00017826991131221389;3.6177527107777037;15.340665225671968
5002.0600000000004;0.55290786548814919;0.83323797646557318;-0.96728313339848038;-0.18483494324153865;0.010857375125185101;1.0059857406628134;2.0030545183533656e-05;0.00018066538675578066;3.648089510467567;15.309977847444642
5002.0649999999996;0.54903673682778209;0.83579792140538456;-0.96346413480373649;-0.20353327882901531;0.010948241500884873;1.005965915079591;1.9717644096599225e-05;0.00018305272796739986;3.6787758112684634;15.276569185634431
5002.0699999999997;0.54512027319805545;0.83836166438976079;-0.95929769703934231;-0.22211420554199029;0.011040149761643008;1.005944245228203;1.9404338748771129e-05;0.0001854307093297202;3.7098161679286616;15.240474619627561
5002.0749999999998;0.54115784374714626;0.84092890204347059;-0.95478850317027475;-0.2405682237720225;0.011133113269131658;1.0059207657710107;1.9090663278550121e-05;0.00018779812912807095;3.7412151674052203;15.201732178446608
5002.0799999999999;0.53714881300095851;0.84349931821696178;-0.94994157131988821;-0.25888605832445022;0.011227145476867926;1.0058955136786611;1.8776653405762532e-05;0.00019015381142748378;3.772977429777379;15.160382449399595
5002.085;0.53309254105711035;0.84607258401789043;-0.94476224217950389;-0.27705867265338335;0.011322259933499858;1.0058685281181501;1.8462346469660349e-05;0.00019249660785809232;3.8051076094014107;15.116468481213113
5002.0900000000001;0.52898838374490698;0.84864835785971426;-0.93925616582525473;-0.29507728232425889;0.011418470286884091;1.0058398503356365;1.8147781464916758e-05;0.00019482539930639625;3.8376103963342443;15.070035681990788
5002.0950000000003;0.52483569274932962;0.85122628552328705;-0.93342928789439439;-0.31293336766336444;0.011515790288920242;1.0058095235338189;1.7832999075678241e-05;0.00019713909750715769;3.8704905180141798;15.021131712381278
5002.1000000000004;0.52063381569718425;0.85380600022691644;-0.92728783517683389;-0.33061868556117358;0.011614233801105257;1.0057775927450427;1.7518041707767479e-05;0.00019943664653178066;3.9037527411865103;14.969806374366211
5002.1049999999996;0.51638209620440745;0.85638712269988992;-0.92083830067869643;-0.3481252803968235;0.011713814800749588;1.0057441047001954;1.7202953519260208e-05;0.00020171702416892507;3.937401874054554;14.916111496086284
5002.1099999999997;0.51207987387858434;0.85896926125802719;-0.91408742820941158;-0.36544549407755178;0.0118145473879184;1.0057091076941675;1.6887780449284171e-05;0.0002039792431966205;3.971442768677655;14.860100813077727
5002.1149999999998;0.50772648428798972;0.86155201186837949;-0.90704219656933471;-0.38257197512412811;0.01191644579275406;1.0056726514486285;1.6572570246087051e-05;0.00020622235253696256;4.0058803235001923;14.801829846502532
5002.1199999999999;0.50332125888091783;0.86413495820858921;-0.89970980337428319;-0.39949768684885656;0.012019524383490278;1.0056347869721083;1.6257372493525205e-05;0.000208445438299334;4.040719486116612;14.741355778616231
5002.125;0.49886352486766306;0.86671767170782266;-0.89209764859606611;-0.41621591456552925;0.012123797674797166;1.0055955664187075;1.5942238637065496e-05;0.00021064762470440786;4.0759652561507771;14.678737326074547
5002.1300000000001;0.49435260506108503;0.86929971156754371;-0.88421331787248647;-0.43272027184170581;0.012229280336489725;1.0055550429453142;1.5627222009287386e-05;0.00021282807489009023;4.1116226882607725;14.614034611464659
5002.1350000000002;0.4897878176779038;0.87188062475640737;-0.87606456565026258;-0.44900470578585244;0.012335987202489775;1.0055132705686165;1.5312377855258403e-05;0.00021498599159849865;4.1476968952321105;14.547309033532079
5002.1400000000003;0.48516847610269653;0.8744599459742507;-0.86765929822040211;-0.4650635013687327;0.012443933279943141;1.0054703040215833;1.4997763358127268e-05;0.00021712061774370429;4.1841930511263277;14.478623136542303
5002.1450000000004;0.48049388861685416;0.87703719758041077;-0.85900555670817824;-0.48089128478322413;0.01255313375839175;1.0054261986110531;1.4683437665295859e-05;0.00021923123686081958;4.2211163944511059;14.408040479238986
5002.1499999999996;0.47576335809628045;0.8796118894812458;-0.8501115000771029;-0.496483025847203;0.012663604018873675;1.005381010075894;1.4369461915606199e-05;0.00022131717343677339;4.2584722313091445;14.335625503839886
5002.1549999999997;0.47097618167605348;0.88218351897510383;-0.84098538819706192;-0.51183403947848194;0.012775359642959708;1.0053347944472275;1.4055899267571309e-05;0.00022337779312663934;4.2962659385287214;14.261443405438417
5002.1599999999999;0.46613165039878723;0.88475157054382247;-0.83163556505655278;-0.52693998621466076;0.012888416421312677;1.0052876079104804;1.374281492989465e-05;0.00022541250285154223;4.3345029666361174;14.185560002423312
5002.165;0.46122904883373528;0.88731551559604827;-0.82207044214305869;-0.54179687185402625;0.013002790362054387;1.0052395066703121;1.3430276193515028e-05;0.00022742075078824135;4.3731888427662291;14.108041608075929
5002.1700000000001;0.45626765468415009;0.88987481215228803;-0.81229848206811495;-0.55640104619736941;0.01311849769852534;1.0051905468184728;1.3118352466429035e-05;0.00022940202624734395;4.4123291733711207;14.028954903936135
5002.1750000000002;0.45124673838291018;0.89242890447100265;-0.8023281824794406;-0.5707492009340408;0.013235554896435403;1.0051407842055222;1.2807115311292679e-05;0.00023135585944576538;4.4519296467258389;13.94836681525056
5002.1800000000003;0.44616556268246532;0.89497722261330448;-0.79216806030950271;-0.58483836669829647;0.01335397866027686;1.0050902743162065;1.2496638486240206e-05;0.00023328182117653053;4.4919960351879693;13.866344388878861
5002.1850000000004;0.44102338224483695;0.89751918194379232;-0.78182663640788208;-0.59866590932830377;0.013473785938881148;1.0050390721496392;1.218699798924312e-05;0.00023517952238005641;4.5325341971707038;13.782954674018844
5002.1899999999996;0.43581944323853061;0.90005418256556258;-0.77131242060160443;-0.61222952535984976;0.013594993929987352;1.0049872321040423;1.1878272106399489e-05;0.00023704861362073751;4.573550078784641;13.698264606090886
5002.1949999999997;0.43055298294239919;0.90258160869162729;-0.76063389721297825;-0.62552723680684297;0.013717620083855868;1.0049348078665856;1.1570541464091792e-05;0.00023888878447558679;4.6150497151595395;13.612340894004626
5002.1999999999998;0.4252232293773992;0.90510082794455593;-0.74979951110129406;-0.63855738523122574;0.013841682105482639;1.0048818523089866;1.1263889086141329e-05;0.0002406997628347678;4.6570392312953413;13.525249911332594
5002.2049999999999;0.41982940095297561;0.9076111905945955;-0.73881765422349233;-0.65131862519286321;0.013967197955772857;1.0048284173884354;1.0958400455055163e-05;0.00024248131412587775;4.6995248425637461;13.437057591345217
5002.21;0.41437070614881177;0.91011202872944619;-0.72769665277420614;-0.66380991708567838;0.014094185851248863;1.0047745540548667;1.0654163578406424e-05;0.00024423324046240997;4.7425128547161695;13.347829326389343
5002.2150000000001;0.4088463432324565;0.91260265536007246;-0.71644475492056281;-0.67603051941928038;0.014222664262346769;1.0047203121641657;1.0351269060186421e-05;0.00024595537972383236;4.7860096634162392;13.257629871733249
5002.2200000000003;0.4032555000197362;0.91508236346385097;-0.70507011915785567;-0.68797998058948684;0.014352651910209116;1.0046657403977983;1.0049810177287828e-05;0.00024764760457276499;4.8300217532651724;13.166523254092901
5002.2250000000004;0.3975973536840256;0.9175504249675811;-0.6935808033069577;-0.69965813018445477;0.014484167761912052;1.0046108861890792;9.7498829612143238e-06;0.00024930982141507671;4.8745556962988461;13.074572685011344
5002.2299999999996;0.39187107062105231;0.92000608967276443;-0.6819847541718731;-0.71106506987147422;0.014617231024050095;1.0045557956558187;9.4515862850968713e-06;0.00025094196930842955;4.9196181499301721;12.98184047924944
5002.2349999999997;0.38607580636838001;0.9224485841296105;-0.67028979785897769;-0.72220116392473288;0.014751861134786834;1.0045005135397798;9.1550219556917791e-06;0.0002525440188271047;4.9652158543730298;12.888387978212073
5002.2399999999998;0.38021070560043013;0.92487711045680399;-0.65850363079925289;-0.73306702941069546;0.014888077753974127;1.0044450831528999;8.8602948111238773e-06;0.00025411597088458038;5.0113556294127743;12.794275478755038
5002.2449999999999;0.37427490218289472;0.9272908451205597;-0.64663381143794085;-0.74366352612027353;0.015025900751807295;1.0043895463300672;8.5675128231820919e-06;0.00025565785552574124;5.05804437068117;12.699562167104403
5002.25;0.36826751930623247;0.92968893767147309;-0.63468775262645627;-0.75399174626379717;0.015165350195652462;1.004333943388676;8.2767872048721651e-06;0.00025716973069019646;5.1052890453120128;12.604306058187072
5002.2550000000001;0.36218766969632965;0.93207050944648917;-0.62267271470392971;-0.76405300398806053;0.015306446335184468;1.0042783130948181;7.9882325226668064e-06;0.00025865168095431842;5.1530966870239041;12.508563940291134
5002.2600000000002;0.35603445590624461;0.93443465224176514;-0.61059579926693575;-0.77384882475887573;0.015449209585839457;1.004222692635887;7.7019668133577434e-06;0.00026010381625735091;5.2014743906309562;12.412391325067013
5002.2650000000003;0.34980697069204358;0.9367804269620813;-0.59846394362131261;-0.78338093465402614;0.015593660510604417;1.0041671175996998;7.418111705169292e-06;0.00026152627061725364;5.2504293059884795;12.315842402844369
5002.2700000000004;0.34350429747494127;0.9391068622529084;-0.58628391590644169;-0.79265124960972866;0.015739819800184879;1.0041116219597432;7.1367925428939512e-06;0.00026291920084164152;5.2999686313870624;12.218970003212213
5002.2749999999996;0.33712551089251486;0.94141295312112039;-0.57406231088260951;-0.80166186466111944;0.01588770825157473;1.0040562380666855;6.8581385167345749e-06;0.00026428278523882472;5.350099606402563;12.12182556081166
5002.2799999999997;0.33066967743316233;0.94369765955303564;-0.56180554635234925;-0.81041504322619184;0.016037346745248253;1.0040009966453607;6.582282794198717e-06;0.00026561722233537385;5.4008295042760723;12.024459086136151
5002.2849999999999;0.32413585617166507;0.94595990513006167;-0.54951986023343324;-0.8189132064476965;0.016188756220640935;1.0039459267979716;6.3093626554021948e-06;0.00026692272960142079;5.4521656237102141;11.926919141503157
5002.29;0.31752309958220926;0.94819857565696708;-0.53721130821770346;-0.82715892266130386;0.016341957650542308;1.0038910560120711;6.0395196303620598e-06;0.00026819954219301715;5.5041152802924564;11.829252821700576
5002.2950000000001;0.31083045444599133;0.95041251780225622;-0.52488576202908832;-0.83515489700013568;0.0164969720140732;1.0038364101740931;5.7728996385986583e-06;0.00026944791171220304;5.5566857974338077;11.731505739436901
5002.3000000000002;0.30405696284472294;0.95260053775965614;-0.51254890824316401;-0.84290396117722399;0.016653820268510287;1.003782013587625;5.509653130289936e-06;0.00027066810499025223;5.6098844969114383;11.63372201532032
5002.3050000000003;0.29720166323944597;0.95476139993627973;-0.50020624764523669;-0.85040906347362577;0.016812523320027358;1.0037278889960626;5.2499352285661202e-06;0.00027186040289741179;5.6637186890381539;11.535944272206043
5002.3100000000004;0.29026359163208715;0.95689382567284198;-0.48786309510093684;-0.85767325895980284;0.016973101993458306;1.0036740576097889;4.9939058724853523e-06;0.00027302509918270018;5.7181956624937982;11.438213633726814
5002.3149999999996;0.28324178280816348;0.95899649200115933;-0.47552457991303321;-0.86469969997310969;0.01713557700115767;1.0036205391370649;4.7417299602587306e-06;0.00027416249934645079;5.7733226738437011;11.340569726816545
5002.3199999999997;0.27613527164964724;0.96106803044569777;-0.46319564662245871;-0.87149162688145532;0.017299968911241519;1.0035673518185719;4.4935774919722221e-06;0.00027527291954968728;5.8291069368395991;11.243050687913382
5002.3249999999998;0.26894309453302256;0.96310702586839181;-0.45088105625740149;-0.87805235913343604;0.017466298114880867;1.0035145124653531;4.2496237120598102e-06;0.00027635668555961798;5.8855556113912106;11.145693172886359
5002.3299999999999;0.26166429078313724;0.96511201536787439;-0.43858538795502744;-0.88438528663752625;0.017634584793337148;1.0034620364995195;4.0100492501375805e-06;0.00027741413173749355;5.9426757924419418;11.048532370103679
5002.335;0.25429790419718956;0.96708148723120846;-0.42631304095899258;-0.89049386146537879;0.01780484888440843;1.0034099379976626;3.7750402604627301e-06;0.0002784456000674739;6.000474498635775;10.951602016677098
5002.3400000000001;0.24684298462665022;0.96901387994293642;-0.41406823694816008;-0.89638158989898764;0.017977110048559029;1.0033582297365209;3.5447885593425003e-06;0.00027945143922922423;6.0589586608673915;10.854934417540067
5002.3450000000003;0.23929858961355399;0.97090758125333432;-0.40185502266788031;-0.90205202482969993;0.018151387634793584;1.0033069232405998;3.3194917601250448e-06;0.00028043200371516799;6.1181351107357846;10.758560467138157
5002.3500000000004;0.23166378607575944;0.97276092730792962;-0.38967727283313103;-0.90750875851606772;0.018327700646372697;1.003256028831442;3.0993534054282761e-06;0.00028138765299320017;6.1780105689338418;10.662509673493355
5002.3549999999996;0.22393765203817417;0.9745722018382017;-0.37753869327511236;-0.912755415704113;0.018506067706399343;1.0032055556781085;2.8845830963063002e-06;0.00028231875071522093;6.2385916335834208;10.566810184418989
5002.3599999999997;0.21611927839590295;0.97633963541654445;-0.36544282428857255;-0.91779564711802719;0.01868650702355153;1.003155511848679;2.6753966178121167e-06;0.00028322566397274052;6.2998847686090267;10.471488815546079
5002.3649999999998;0.2082077707260962;0.97806140476971237;-0.35339304418375805;-0.92263312330730818;0.018869036357517445;1.0031059043625572;2.4720160612763508e-06;0.00028410876259697356;6.3618962919989395;10.376571080187702
5002.3699999999999;0.20020225111538126;0.97973563215689607;-0.34139257297046965;-0.92727152886728925;0.019053672984831359;1.0030567392430416;2.2746699422754941e-06;0.0002849684185064963;6.4246323641906189;10.282081220462803
5002.375;0.19210186002004181;0.98136038480542975;-0.32944447618034012;-0.93171455701488115;0.019240433664640337;1.0030080215700414;2.0835933146828067e-06;0.00028580500509930724;6.4880989764203063;10.18804223971782
5002.3800000000001;0.18390575814607513;0.98293367440478685;-0.31755166878790475;-0.93596590451963013;0.019429334604619375;1.0029597555326937;1.8990278803846646e-06;0.00028661889668956688;6.552301939110416;10.094475935924633
5002.3850000000002;0.17561312834754839;0.98445345665512318;-0.30571691920801469;-0.94002926698178735;0.019620391426982371;1.002911944481615;1.7212220945681495e-06;0.00028741046798780621;6.61724687027644;10.001402935862728
5002.3900000000003;0.16722317753986771;0.98591763086807838;-0.29394285334584636;-0.94390833444831124;0.019813619134577597;1.0028645909804228;1.550431266467941e-06;0.00028818009362330786;6.6829391839491024;9.9088427298837924
5002.3950000000004;0.15873513862593136;0.98732403961564985;-0.28223195867787099;-0.94760678735668624;0.020009032077014616;1.0028176968565135;1.3869176554892581e-06;0.00028892814770734693;6.7493840785933719;9.8168137070689845
5002.3999999999996;0.15014827243467599;0.98867046842366546;-0.2705865883451104;-0.95112829279431677;0.020206643916735708;1.0027712632508066;1.2309505626774504e-06;0.00028965500343552193;6.8165865254943041;9.7253331906130835
5002.4049999999997;0.14146186966175678;0.98995464550680756;-0.25900896522722316;-0.95447650106466031;0.0204064675951631;1.0027252906661908;1.0828064173279382e-06;0.00029036103272822496;6.8845512571539755;9.6344174731659784
5002.4099999999999;0.13267525283580406;0.99117424153719935;-0.24750118601175886;-0.95765504253704503;0.02060851529827927;1.0026797790146698;9.4276885911996666e-07;0.00029104660590547612;6.9532827554803998;9.5440818522211828
5002.415;0.1237877782789939;0.99232686944736392;-0.23606522520068096;-0.96066752477874051;0.020812798422253514;1.0026347276629812;8.1112881521971354e-07;0.00029171209139677878;7.0227852399764901;9.4543406650727508
5002.4200000000001;0.11479883808721625;0.99341008425908151;-0.2247029390716373;-0.96351752994452666;0.021019327538428851;1.0025901354763735;6.8818457273425027e-07;0.00029235785548191283;7.0930626556951912;9.3652073234521147
5002.4250000000002;0.10570786212247318;0.99442138293544735;-0.21341606956944426;-0.96620861241263811;0.021228112357736275;1.0025460008609939;5.7424184635108342e-07;0.00029298426206151315;7.1641186609829264;9.2766943476272008
5002.4300000000003;0.096514320022038969;0.99535820425174704;-0.20220624811847987;-0.96874429665029638;0.021439161694331518;1.0025023218040015;4.6961384115593923e-07;0.00029359167245491261;7.2359566149410037;9.1888133998638253
5002.4350000000004;0.087217723228804722;0.99621792868099579;-0.19107499934752337;-0.97112807529344236;0.021652483428256937;1.0024590959120625;3.7462131056903259e-07;0.00029418044522328343;7.3085795645370268;9.1015753171572147
5002.4399999999996;0.077817627048612503;0.99699787829107889;-0.18002374472100557;-0.97336340742407679;0.021868084466904785;1.0024163204476373;2.8959260936141861e-07;0.00029475093601561287;7.3819902312893051;9.0149901431596877
5002.4449999999997;0.068313632730512164;0.99769531665092548;-0.16905380605909892;-0.97545371703214334;0.022085970705289532;1.0023739923633521;2.1486374153127486e-07;0.00029530349743607618;7.4561909975259519;8.929067159141022
5002.4499999999998;0.058705389601743097;0.99830744874144839;-0.15816640897197631;-0.97740239164023723;0.0223061469843213;1.002332108334363;1.5077840312580356e-07;0.00029583847892900749;7.5311838919425647;8.843814914154235
5002.4549999999999;0.04899259723048266;0.99883142087269861;-0.14736268616497306;-0.97921278108414811;0.022528617047630217;1.0022906647885617;9.7688019470937663e-08;0.00029635622668147557;7.6069705746444889;8.7592412540439248
5002.46;0.039175007649884463;0.9992643206040589;-0.13664368064298715;-0.98088819642834868;0.022753383496110686;1.0022496579346616;5.5951776797237301e-08;0.0002968570835397922;7.683552321389489;8.6753533494951363
5002.4650000000001;0.029252427641399015;0.99960317666889176;-0.12601034880185624;-0.98243190900497523;0.022980447740180862;1.0022090837884632;2.5936647809123894e-08;0.00029734138893868059;7.760930007027766;8.5921577230047497
5002.4700000000003;0.019224721088282548;0.99984495890462;-0.11546356340883501;-0.98384714956214792;0.023209809949466399;1.0021689381969348;8.0174107844560258e-09;0.00029780947884100527;7.8391040880387051;8.5096602747717487
5002.4750000000004;0.0090918114086151469;0.99998657819061798;-0.1050041164742046;-0.9851371075089822;0.023441468999665226;1.0021292168603864;2.5766617142867213e-09;0.00029826168568630046;7.918074584079867;8.4278663075029296
5002.4799999999996;-0.0011463159207878437;1.0000248863977967;-0.094632722018350712;-0.98630493024510812;0.023675422416314724;1.0020899153526766;1.0004818863013403e-08;0.00029869833834629848;7.9978410584514386;8.3467805501512391
5002.4849999999997;-0.011489610750535562;0.99995667635453656;-0.084350018726786713;-0.9873537225649256;0.023911666315475932;1.0020510291397595;3.0700119052150685e-08;0.00029911976208642623;8.0784025974792772;8.2664071805128554
5002.4899999999998;-0.021937955517439933;0.99977868183551766;-0.074156572525148734;-0.98828654612297018;0.024150195340485556;1.0020125535962576;6.506860483950185e-08;0.0002995262785304681;8.1597577885249812;8.1867498469211366
5002.4949999999999;-0.032491162402930707;0.99948757758104512;-0.064052879041788024;-0.98910641895565243;0.024391002595411014;1.0019744840204881;1.1352410168949415e-07;0.00029991820562882943;8.2419046968373557;8.10781168877309
5002.5;-0.043148970353836802;0.99907997935607018;-0.054039365991189303;-0.98981631504739764;0.024634079574387565;1.0019368156476987;1.7648818406713201e-07;0.00030029585762784966;8.324840840963132;8.0295953561414031
5002.5050000000001;-0.053911041967469764;0.99855244405953336;-0.044116395473479564;-0.99041916393580287;0.024879416086925579;1.0018995436621565;2.543901293112191e-07;0.00030065954503978186;8.408563166744452;7.9521030284280636
5002.5100000000002;-0.064776960230463532;0.99790146989619843;-0.034284266196983548;-0.99091785034826652;0.025127000179002556;1.0018626632074252;3.4766685798393605e-07;0.00030100957461222442;8.493068019837434;7.8753364321125261
5002.5150000000003;-0.075746225103484832;0.99712349662437472;-0.024543215631180226;-0.99131521386551158;0.025376818049826527;1.0018261693956059;4.5676285929970558e-07;0.00030134624929642207;8.5783511167104791;7.7992968576504014
5002.5200000000004;-0.086818249945090908;0.99621490589492756;-0.014893422095878517;-0.99161404860692881;0.025628853964198908;1.0017900573152481;5.8213010011199293e-07;0.00030166986821370434;8.6644075140951209;7.7239851755709283
5002.5249999999996;-0.097992357766288229;0.99517202169768837;-0.0053350067952113722;-0.9918171029345727;0.025883090160371169;1.0017543220383165;7.2422791576461805e-07;0.0003019807266195958;8.7512315768505768;7.6494018518453561
5002.5299999999997;-0.10926777732406401;0.99399111093232861;0.0041319642079146179;-0.99192707917282918;0.026139506753684743;1.0017189586258808;8.8352288122335622e-07;0.00030227911586545663;8.8388169443380615;7.5755469624989065
5002.5349999999999;-0.12064363901963437;0.99266838412529812;0.013507478044186616;-0.99194663334201472;0.026398081635324321;1.00168396213328;1.0604886602210445e-06;0.00030256532335677698;8.9271564950732998;7.5024202077323583
5002.54;-0.13211897064086586;0.99119999630941324;0.022791573146228594;-0.99187837490507502;0.026658790367199738;1.0016493276142229;1.2556058309775057e-06;0.00030283963250900075;9.0162423100011555;7.4300209253370957
5002.5450000000001;-0.14369269291838394;0.98958204808990735;0.031984337380813077;-0.99172486652690295;0.026921606072387073;1.0016150501243843;1.4693616860447598e-06;0.00030310232270016637;9.106065634195172;7.358348103669357
5002.5500000000002;-0.15536361490978057;0.98781058691809354;0.04108590621032937;-0.99148862384665659;0.027186499321588859;1.0015811247242954;1.7022500043021431e-06;0.00030335366922080038;9.1966168371364674;7.2874003941575261
5002.5550000000003;-0.1671304292141218;0.98588160859568019;0.050096460876647542;-0.99117211526424287;0.027453438015799855;1.0015475464818262;1.9547707928889817e-06;0.00030359394322128082;9.2878853716331271;7.2171761234148706
5002.5600000000004;-0.17899170702307887;0.98379105903306086;0.059016226603106681;-0.99077776174250098;0.02772238726546097;1.0015143104742223;2.2274299968196128e-06;0.00030382341165703734;9.3798597314742711;7.1476733050112413
5002.5649999999996;-0.19094589301522835;0.98153483628588012;0.067845470808977404;-0.99030793662732175;0.027993309266392558;1.0014814117899704;2.5207391739500431e-06;0.0003040423372319845;9.4725274079161483;7.0788896509694075
5002.5699999999997;-0.20299130011796862;0.97910879289138142;0.076584501342987776;-0.98976496548738102;0.028266163173205672;1.0014488455302177;2.8352151333640337e-06;0.00030425097834090194;9.5658748452371363;7.0108225829586814
5002.5749999999998;-0.21512610411796396;0.97650873853465525;0.085233664708838308;-0.98915112597795318;0.028540904969898424;1.0014166068101862;3.1713795340538399e-06;0.00030444958901081824;9.6598873952598119;6.9434692434205498
5002.5799999999999;-0.22734833817961064;0.97373044306010514;0.093793344312689708;-0.98846864772992993;0.028817487339129658;1.0013846907604715;3.5297584427396854e-06;0.00030463841884278856;9.7545492713491004;6.8768265064183502
5002.585;-0.23965588725852416;0.97076963985766851;0.10226395870718419;-0.98771971226867561;0.029095859530008539;1.0013530925282854;3.9108818478421092e-06;0.0003048177129541885;9.8498435018303372;6.8108909884359639
5002.5900000000001;-0.25204648244401473;0.96762202964334354;0.11064595984037939;-0.98690645296561896;0.029375967225302221;1.0013218072788508;4.315283127808218e-06;0.00030498771192250082;9.9457518831354577;6.7456590590859431
5002.5950000000003;-0.26451769525302327;0.96428328465614244;0.11893983130819985;-0.98603095502571825;0.02965775240869566;1.0012908301965533;4.7434984717155773e-06;0.00030514865173117281;10.042254932894153;6.6811268517656011
5002.6000000000004;-0.2770669319019694;0.96074905329089033;0.1271460866099442;-0.98509525551484067;0.029941153232816313;1.0012601564866621;5.1960662503099483e-06;0.00030530076371855183;10.139331843214562;6.617290274291503
5002.6049999999996;-0.28969142758439581;0.95701496518670603;0.13526526740689759;-0.98410134342981603;0.030226103888762328;1.0012297813768318;5.6735263356347185e-06;0.00030544427453037834;10.236960434407353;6.5541450195382556
5002.6099999999997;-0.30238824079923443;0.95307663678286891;0.1432979417938699;-0.9830511598135574;0.030512534478243279;1.001199700118933;6.1764193682714366e-06;0.00030557940607688181;10.335117109534798;6.4916865760318796
5002.6149999999998;-0.31515424773039857;0.94892967736720024;0.15124470256349731;-0.98194659792081018;0.030800370888432408;1.0011699079911076;6.7052859695743767e-06;0.0003057063754948121;10.43377680982104;6.4299102386798097
5002.6199999999999;-0.32798613675964394;0.94456969561523063;0.15910616549531398;-0.98078950343342353;0.031089534671450873;1.00114040029992;7.260665899514414e-06;0.00030582539511556312;10.532912971584604;6.3688111194131984
5002.625;-0.34088040311744261;0.93999230663967526;0.16688296765003441;-0.97958167473017788;0.031379942928646799;1.0011111723828297;7.8430971580989821e-06;0.00030593667243973734;10.632497484752866;6.3083841579170601
5002.6300000000001;-0.35383334372582786;0.93519313955263617;0.17457576568122923;-0.97832486321204681;0.031671508200926589;1.0010822196108229;8.4531150303164118e-06;0.0003060404101188673;10.732500653394133;6.2486241323755767
5002.6350000000002;-0.36684105227367714;0.93016784554467202;0.18218523416623433;-0.97702077368456175;0.031964138366074049;1.0010535373913947;9.0912510743686811e-06;0.00030613680594487706;10.832891158593497;6.1895256702383827
5002.6400000000003;-0.37989941456764531;0.92491210648050237;0.18971206396048135;-0.97567106479804389;0.032257736544039822;1.0010251211713725;9.7580320533355535e-06;0.00030622605284765859;10.933636024015792;6.1310832589945985
5002.6450000000004;-0.39300410420420961;0.91942164400804438;0.19715696057848209;-0.974277349547088;0.032552201011212603;1.0009969664405323;1.0453978810793178e-05;0.00030630833890143641;11.034700584509721;6.0732912569456516
5002.6499999999996;-0.40615057860571979;0.9136922291743953;0.20452064260516534;-0.97284119582868478;0.032847425124611938;1.0009690687348547;1.1179605091179581e-05;0.00030638384733996856;11.136048458083735;6.0161439039633837
5002.6549999999997;-0.41933407548178914;0.90771969253148821;0.21180384014921805;-0.97136412705776687;0.03314329725733501;1.0009414236401837;1.1935416307024174e-05;0.00030645275658113376;11.237641521719826;5.9596353321552487
5002.6599999999999;-0.4325496097258541;0.90149993473165724;0.21900729332285851;-0.96984762284295145;0.033439700745416127;1.0009140267960819;1.2721908252788214e-05;0.00030651524026086279;11.339439891089597;5.903759576568028
5002.665;-0.44579197084213296;0.89502893757350577;0.2261317507791879;-0.96829311971594112;0.033736513848158185;1.0008868738997139;1.3539565770144317e-05;0.00030657146727674356;11.441401904890256;5.848510585696002
5002.6700000000001;-0.45905572091258828;0.88830277548992909;0.23317796829117643;-0.9667020119165286;0.034033609722051959;1.0008599607098274;1.4388861365344281e-05;0.00030662160184115328;11.543484113851942;5.7938822319232326
5002.6750000000002;-0.47233519316306838;0.88131762744448539;0.24014670738435717;-0.9650756522294871;0.034330856409498463;1.0008332830508491;1.5270253782526475e-05;0.00030666580354393898;11.645641274846229;5.7398683218089701
5002.6800000000003;-0.48562449117094064;0.87406978920582101;0.24703873402596743;-0.963415352870574;0.03462811684315404;1.000806836816915;1.6184186536389148e-05;0.00030670422742444308;11.747826350390355;5.6864626061959154
5002.6850000000004;-0.49891748875548947;0.86655568596382526;0.25385481737399151;-0.96172238641866614;0.034925248866675668;1.0007806179760661;1.7131086408166886e-05;0.00030673702405271323;11.849990513828448;5.6336587901125741
5002.6899999999996;-0.51220783058943953;0.85877188524933867;0.26059572858852464;-0.95999798679043036;0.035222105272570171;1.0007546225742818;1.81113619091959e-05;0.00030676433961948429;11.952083160445818;5.5814505424467225
5002.6949999999997;-0.52548893358331217;0.85071511010478329;0.2672622397157921;-0.95824335025170093;0.03551853385813078;1.0007288467393631;1.9125401717985551e-05;0.00030678631603458167;12.054051924869738;5.5298315053034219
5002.6999999999998;-0.53875398904186689;0.84238225247969267;0.27385512262907963;-0.95645963646610066;0.035814377499266276;1.0007032866849606;2.0173573093425443e-05;0.00030680309103327491;12.155842704705002;5.4787953031606698
5002.7049999999999;-0.55199596567210785;0.83377038677144399;0.28037514805369002;-0.95464796956949782;0.036109474243805;1.0006779387140987;2.1256220273362831e-05;0.00030681479828997019;12.25739969096446;5.4283355516013554
5002.71;-0.5652076134348758;0.82487678347774029;0.28682308465902429;-0.95280943927078454;0.03640365742389759;1.0006527992229124;2.2373662861991188e-05;0.00030682156753876699;12.358665405181249;5.3784458657397938
5002.7150000000001;-0.57838146827891945;0.81569892289498336;0.29319969822725667;-0.95094510197093085;0.036696755788182857;1.0006278647035809;2.3526194213552987e-05;0.00030682352469993103;12.459580743447567;5.3291198682539536
5002.7200000000003;-0.59150985777502663;0.8062345088034315;0.29950575089746612;-0.94905598189669305;0.036988593653897027;1.0006031317476531;2.4714079818927134e-05;0.00030682079201193593;12.560085027458284;5.2803511970156389
5002.7250000000004;-0.60458490766529427;0.79648148207626068;0.30574200048671429;-0.94714307224216476;0.037278991079054684;1.0005785970484167;2.5937555702199431e-05;0.00030681348816787729;12.660116062619627;5.2321335122886117
5002.7299999999996;-0.61759854933662206;0.78643803414957636;0.31190919988617261;-0.94520733631416842;0.037567764054689042;1.0005542574033484;2.7196826834291527e-05;0.00030680172845579123;12.759610203234573;5.184460503489424
5002.7349999999997;-0.63054252823740664;0.77610262027559374;0.3180080965390164;-0.94324970867323077;0.037854724717364764;1.0005301097159109;2.8492065572567762e-05;0.00030678562490178669;12.85850242485375;5.1373258954379706
5002.7399999999998;-0.64340841320314301;0.76547397251876759;0.32403943198199592;-0.94127109627037897;0.038139681580995032;1.000506150997077;2.9823410130699573e-05;0.00030676528641526653;12.956726403473048;5.0907234542152233
5002.7449999999999;-0.65618760673301568;0.75455111238964245;0.33000394147196133;-0.93927237956713927;0.038422439788695716;1.0004823783662651;3.1190963091200361e-05;0.00030674081893525685;13.054214601844526;5.0446469924413213
5002.75;-0.66887135617125537;0.74333336307450526;0.33590235367821408;-0.93725441363900641;0.038702801383456137;1.0004587890518888;3.2594789965108295e-05;0.00030671232557699652;13.150898362493178;4.9990903740976735
5002.7550000000001;-0.68145076579218467;0.73182036118139315;0.34173539044525136;-0.93521802925521258;0.038980565597419074;1.0004353803914028;3.40349178081457e-05;0.00030667990677789411;13.246708007380223;4.9540475188343311
5002.7600000000002;-0.69391680976397963;0.72001206793553818;0.34750376662192461;-0.93316403393029868;0.039255529159039765;1.0004121498307665;3.5511333900997237e-05;0.00030664366044192912;13.341572943971936;4.9095124057691528
5002.7650000000003;-0.70626034596479226;0.70790877975736244;0.35320818995360304;-0.93109321294325087;0.039527486617382382;1.0003890949235263;3.7023984501577491e-05;0.00030660368208169767;13.435421777468077;4.8654790767811509
5002.7700000000004;-0.71847213061775794;0.69551113815710208;0.35884936103386933;-0.9290063303197833;0.039796230682659389;1.0003662133293449;3.8572773676912638e-05;0.00030656006495722134;13.528182428889259;4.8219416393013539
5002.7749999999996;-0.73054283370444373;0.68282013888476911;0.36442797331070964;-0.92690412977439207;0.040061552581991011;1.000343502811964;4.0157562221866388e-05;0.00030651290021069884;13.619782258677024;4.7788942686166589
5002.7799999999997;-0.74246305512699617;0.66983714026075658;0.36994471314893174;-0.92478733560667925;0.040323242429608018;1.0003209612368329;4.1778166673691801e-05;0.00030646227699648718;13.710148195543345;4.7363312096515253
5002.7849999999999;-0.75422334153632398;0.6565638706632505;0.37540025992911141;-0.92265665355428561;0.040581089609573802;1.00029858656816;4.3434358424951839e-05;0.00030640828260558876;13.799206869908438;4.6942467783574768
5002.79;-0.76581420381759879;0.64300243507209487;0.38079528619842384;-0.92051277159275713;0.040834883170751311;1.0002763768657701;4.5125862947197518e-05;0.00030635100258400068;13.886884751833151;4.6526353625722274
5002.7950000000001;-0.77722613514117111;0.62915532065248936;0.38613045785347433;-0.91835636068521542;0.041084412231925514;1.0002543302812368;4.6852359127211189e-05;0.00030629052084420281;13.973108292723833;4.6114914224825663
5002.8000000000002;-0.78844962952996989;0.61502540131847094;0.39140643435570444;-0.91618807547868608;0.04132946639595797;1.0002324450539881;4.8613478723238572e-05;0.00030622691976947141;14.057804070418619;4.5708094906696077
5002.8050000000003;-0.79947520087491086;0.60061594123657236;0.39662386897347368;-0.91400855494572797;0.041569836171443109;1.0002107195069578;5.0408805946124152e-05;0.00030616028031036344;14.140898937121584;4.5305841717657094
5002.8100000000004;-0.81029340232798397;0.58593059723269758;0.40178340904529808;-0.91181842297108828;0.041805313400311121;1.0001891520421928;5.2237877169988325e-05;0.00030609068207313513;14.222320169640541;4.4908101417520232
5002.8149999999996;-0.82089484599809648;0.57097342007330665;0.40688569625861248;-0.90961828888294172;0.04203569168974506;1.0001677411357539;5.4100180776138762e-05;0.00030601820339955449;14.301995621355314;4.4514821469280763
5002.8199999999997;-0.83127022288569719;0.55574885457859724;0.41193136694354682;-0.90740874792772508;0.042260766847035516;1.0001464853331905;5.5995157135723916e-05;0.00030594292143818836;14.379853875429653;4.4125950025473024
5002.8249999999998;-0.84141032294889206;0.54026173858803417;0.41692105236360433;-0.90519038169400434;0.042480337315073502;1.0001253832443471;5.792219872876194e-05;0.00030586491220677299;14.45582439845888;4.3741435912501645
5002.8299999999999;-0.85130605526045544;0.52451730070964642;0.4218553790164038;-0.90296375847958843;0.042694204607650263;1.0001044335383174;5.9880650408471529e-05;0.00030578425064563697;14.529837694250974;4.3361228611881
5002.835;-0.86094846814524018;0.50852115688528587;0.42673496892579976;-0.90072943360903157;0.042902173742231313;1.0000836349384032;6.1869809807176611e-05;0.00030570101066223695;14.601825456917714;4.2985278239784774
5002.8400000000001;-0.87032876922821534;0.49227930575345147;0.43156043992653315;-0.89848794970146018;0.043104053668771791;1.0000629862171599;6.3888927886524393e-05;0.00030561526516689785;14.671720722761986;4.261353552480605
5002.8450000000003;-0.87943834530967946;0.47579812281651052;0.43633240593625489;-0.89623983689125053;0.043299657692858665;1.00004248619132;6.5937209631609803e-05;0.00030552708609981694;14.739458020348165;4.2245951784336357
5002.8500000000004;-0.88826878198543624;0.45908435342227738;0.44105147721075533;-0.89398561300480373;0.043488803891510205;1.0000221337170894;6.8013814888246075e-05;0.0003054365444497119;14.804973518156714;4.1882478899914499
5002.8549999999996;-0.89681188293028802;0.44214510457948542;0.44571826057819552;-0.89172578369654121;0.043671315519978861;1.0000019276853442;7.0117859341447454e-05;0.00030534371026431559;14.868205169228183;4.1523069291926493
5002.8599999999997;-0.90505968877456988;0.42498783561085363;0.45033335965380528;-0.88946084254552282;0.043847021408171066;0.99998186701727843;7.2248415635263704e-05;0.00030524865265312641;14.929092852293238;4.1167675893615572
5002.8649999999998;-0.91300449547288931;0.40762034771820632;0.454897375019783;-0.88719127112209761;0.044015756344641215;0.99996195066001681;7.4404514625178221e-05;0.00030515143978295504;14.987578508657124;4.0816252125674257
5002.8699999999999;-0.92063887212118534;0.39005077243196151;0.4594109043845962;-0.88491753902061532;0.044177361447354888;0.99994217758262061;7.6585146767165667e-05;0.00030505213886659161;15.04360627453506;4.0468751870441073
5002.875;-0.92795567812578073;0.37228755903027833;0.4638745427070764;-0.88264010386828318;0.044331684519290808;0.99992254677223646;7.8789263633288073e-05;0.00030495081614528358;15.097122608144673;4.0125129446958194
5002.8800000000001;-0.93494807966541127;0.3543394609542046;0.46828888228861276;-0.88035941131189055;0.044478580387765365;0.9999030572305595;8.1015779551202991e-05;0.00030484753686559659;15.148076411143141;3.9785339586784008
5002.8850000000002;-0.94160956537785667;0.33621552127099602;0.47265451283143722;-0.87807589498722904;0.044617911226159039;0.99988370797064374;8.3263573361602437e-05;0.00030474236525133026;15.196419143926322;3.9449337410881005
5002.8900000000003;-0.94793396121044293;0.31792505723980813;0.47697202146229045;-0.87578997647537982;0.044749546856891503;0.99986449801389943;8.5531490287401232e-05;0.00030463536447111072;15.242104934364763;3.9117078407812671
5002.8950000000004;-0.95391544437651499;0.29947764403778554;0.48124199272114065;-0.87350206525023533;0.044873365034557695;0.99984542638737195;8.7818343908003182e-05;0.00030452659660241776;15.285090679575028;3.8788518413462807
5002.8999999999996;-0.959548556363921;0.28088309771191033;0.48546500851419228;-0.87121255862205838;0.044989251708214745;0.99982649212141217;9.0122918230984468e-05;0.00030441612259279953;15.325336140352119;3.8463613592536365
5002.9049999999997;-0.96482821495394222;0.26215145740169438;0.48964164803641419;-0.86892184167866382;0.045097101262070879;0.99980769424761207;9.2443969856080099e-05;0.00030430400221889291;15.362804027980104;3.8142320421648859
5002.9099999999999;-0.96974972519243741;0.24329296695185545;0.49377248765311621;-0.866630287234464;0.045196816733484177;0.99978903179690859;9.4780230217118857e-05;0.00030419029404426439;15.39746008302016;3.7824595675022752
5002.915;-0.9743087892955864;0.22431805591814213;0.49785810075700077;-0.86433825578321077;0.045288310008011277;0.99977050379820709;9.7130407901833797e-05;0.00030407505537651393;15.429273145965119;3.7510396411745175
5002.9200000000001;-0.97850151544355235;0.20523732009013179;0.50189905759117703;-0.86204609546407096;0.04537150199064998;0.99975210927708003;9.9493191034617261e-05;0.00030395834222458185;15.45821521944398;3.719967996553863
5002.9250000000002;-0.98232442544020637;0.18606150158524537;0.50589592504462877;-0.8597541420421777;0.04544632275292345;0.99973384725485737;0.00010186724971566318;0.00030384020925693523;15.484261521836567;3.6892403936767155
5002.9300000000003;-0.98577446121815848;0.16680146859332726;0.50984926642175865;-0.85746271890717241;0.045512711655477614;0.99971571674793114;0.00010425123850702472;0.00030372070976132138;15.507390532167985;3.658852618676574
5002.9350000000004;-0.98884899017243133;0.14746819484829496;0.5137596411887807;-0.85517213709267514;0.045570617445936837;0.99969771676735741;0.0001066437989561897;0.00030359989560679548;15.527584026180275;3.6288004834499814
5002.9399999999996;-0.99154580931328384;0.12807273890734266;0.51762760469905555;-0.85288269531966088;0.045619998331911708;0.9996798463186769;0.00010904356214740826;0.00030347781720866296;15.544827103531919;3.5990798255593535
5002.9449999999997;-0.99386314823588018;0.10862622329323247;0.52145370790474777;-0.85059468006342109;0.045660822029184041;0.99966210440199998;0.00011144915127393812;0.00030335452349681147;15.559108206123771;3.5696865083363849
5002.9499999999998;-0.99579967090108767;0.089139813628848555;0.52523849704772396;-0.84830836565217771;0.045693065785040704;0.99964449001221412;0.00011385918421526374;0.00030323006188828875;15.570419127532768;3.5406164212589193
5002.9549999999999;-0.99735447624392792;0.069624697768704155;0.52898251334701252;-0.84602401439068153;0.045716716377143626;0.99962700213951217;0.00011627227611873253;0.00030310447826425107;15.578755013682194;3.5118654804862048
5002.96;-0.99852709761260261;0.050092065054133515;0.53268629267594425;-0.84374187671603085;0.04573177008806667;0.99960963977012729;0.00011868704196975144;0.00030297781695202329;15.584114354789522;3.4834296296213507
5002.9650000000001;-0.99931750105919215;0.03055308574324658;0.53635036523689139;-0.8414621913838185;0.045738232655986456;0.99959240188715148;0.00012110209914425717;0.00030285012071248787;15.586498968758944;3.4553048406553151
5002.9700000000003;-0.99972608250207617;0.011018890689219796;0.53997525523651024;-0.8391851856854885;0.045736119201979265;0.99957528747150526;0.0001235160699341034;0.00030272143073319395;15.585913976175842;3.4274871150833075
5002.9750000000004;-0.99975366378596298;-0.0084994486653843689;0.54356148056507336;-0.83691107569680478;0.045725454134498827;0.99955829550312691;0.00012592758403684576;0.0003025917866274387;15.582367767104861;3.3999724851772286
5002.9799999999996;-0.99940148767034609;-0.027990939909714171;0.54710955248291693;-0.83464006655747658;0.045706271031699969;0.99954142496236764;0.00012833528100120392;0.00030246122643957067;15.575871959926808;3.3727570154011399
5002.9849999999997;-0.99867121178000562;-0.04744468886038862;0.55061997532144713;-0.83237235277823307;0.045678612502311831;0.99952467483118257;0.00013073781262292017;0.00030232978665634808;15.566441352464789;3.345836803919866
5002.9899999999998;-0.99756490155650202;-0.066849918219925031;0.55409324619221501;-0.83010811858099742;0.04564253002591042;0.9995080440947598;0.00013313384527684089;0.00030219750222498055;15.5540938657025;3.3192079842565261
5002.9949999999999;-0.99608502225140394;-0.086195985713367312;0.55752985472033934;-0.82784753826185598;0.045598083773398926;0.99949153174306149;0.00013552206218687014;0.00030206440657720528;15.538850480385365;3.29286672697783
5003;-0.99423443000617362;-0.10547240159813599;0.56093028279558688;-0.82559077658130842;0.045545342408655841;0.99947513677236666;0.00013790116562043098;0.00030193053165969858;15.520735166848985;3.2668092414600696
5003.0050000000001;-0.99201636206643995;-0.12466884552039095;0.56429500434770052;-0.8233379891773549;0.045484382872322107;0.99945885818698577;0.00014026987900382797;0.00030179590797060343;15.499774808424949;3.2410317776850555
5003.0100000000002;-0.98943442618043886;-0.14377518267026904;0.56762448514796704;-0.82108932299910209;0.045415290148748143;0.99944269500086336;0.00014262694895220409;0.00030166056460188048;15.475999118792638;3.2155306280480103
5003.0150000000003;-0.98649258923361782;-0.16278147919589867;0.57091918263926145;-0.81884491675846771;0.04533815701716274;0.99942664623922739;0.00014497114720879412;0.00030152452928729255;15.449440553661134;3.1903021291563705
5003.0200000000004;-0.9831951651741031;-0.18167801684023313;0.57417954579644981;-0.81660490139707942;0.045253083788177793;0.99941071094026868;0.0001473012724886298;0.00030138782845566645;15.420134217184158;3.1653426635982953
5003.0249999999996;-0.97954680228441093;-0.20045530676537476;0.57740601501839506;-0.81436940056547835;0.045160178026755746;0.99939488815661215;0.0001496161522219367;0.00030125048728901006;15.3881177635167;3.1406486616632163
5003.0299999999997;-0.97555246985270472;-0.21910410255718374;0.58059902205614589;-0.81213853110945389;0.045059554262701494;0.99937917695698508;0.00015191464419595503;0.00030111252978504366;15.353431293900012;3.1162166029696454
5003.0349999999999;-0.97121744431095935;-0.23761541233539299;0.58375898996980724;-0.80991240356562422;0.044951333690093222;0.99936357642743301;0.00015419563808556164;0.00030097397882381557;15.316117249783884;3.0920430180454428
5003.04;-0.96654729488570434;-0.2559805100182076;0.5868863331260662;-0.80769112265557086;0.044835643856511058;0.99934808567288147;0.00015645805687839902;0.00030083485623766713;15.276220302303967;3.0681244897562374
5003.0450000000001;-0.96154786882832033;-0.27419094567462565;0.58998145722818074;-0.8054747877804489;0.044712618343465169;0.99933270381825645;0.00015870085818583114;0.0003006951828841074;15.233787238619399;3.0444576546294724
5003.0500000000002;-0.95622527628127707;-0.29223855497386031;0.59304475938169099;-0.80326349351059323;0.044582396439150442;0.9993174300095542;0.00016092303544064078;0.00030055497872099506;15.188866845520996;3.0210392040336069
5003.0550000000003;-0.9505858748377205;-0.3101154677209309;0.59607662819481755;-0.80105733006715529;0.044445122804688673;0.99930226341487738;0.00016312361897968025;0.00030041426288345669;15.141509790732288;2.9978658852029878
5003.0600000000004;-0.94463625385309125;-0.32781411547494632;0.59907744391284545;-0.79885638379222834;0.044300947135052927;0.99928720322518361;0.00016530167701085435;0.00030027305376185628;15.09176850233658;2.9749345020960565
5003.0649999999996;-0.93838321856650198;-0.3453272382470457;0.60204757858476698;-0.79666073760486433;0.044150023815846755;0.99927224865497088;0.00016745631646368012;0.00030013136908027082;15.039697046755538;2.9522419160809146
5003.0699999999997;-0.93183377408097456;-0.36264789030082256;0.60498739626404285;-0.79447047143732119;0.043992511576914611;0.99925739894270948;0.00016958668372603523;0.0002999892259746329;14.985351005636348;2.9297850464150108
5003.0749999999998;-0.92499510927437867;-0.3797694450146345;0.60789725323358235;-0.79228566265474809;0.043828573144310073;0.99924265335115259;0.0001716919652618372;0.00029984664107034307;14.92878735219351;2.9075608705746401
5003.0799999999999;-0.9178745806716877;-0.396685598880057;0.61077749826372751;-0.79010638644756381;0.043658374891164593;0.99922801116747451;0.00017377138811861716;0.00029970363055820408;14.870064327211416;2.8855664243469734
5003.085;-0.91047969634728498;-0.41339037460212857;0.61362847289295619;-0.78793271619993621;0.04348208648892888;0.9992134717031389;0.00017582422032057026;0.00029956021026842261;14.809241315233196;2.8637988017437377
5003.0900000000001;-0.90281809990021356;-0.42987812333711473;0.61645051173181453;-0.78576472382991203;0.043299880559844232;0.99919903429370938;0.00017784977115135252;0.00029941639574200931;14.74637872124843;2.8422551547119363
5003.0950000000003;-0.89489755455156517;-0.44614352608376512;0.61924394278705286;-0.78360248009931832;0.043111932331664445;0.99918469829827694;0.00017984739132847273;0.00029927220229895781;14.68153784824751;2.820932692646112
5003.1000000000004;-0.88672592741006739;-0.46218159425001293;0.62200908780282993;-0.78144605489212526;0.042918419295584612;0.99917046309894164;0.00018181647307191916;0.00029912764510279003;14.614780775987033;2.799828681706539
5003.1049999999996;-0.87831117395088532;-0.47798766941641552;0.62474626261559063;-0.77929551745994663;0.042719520868320669;0.9991563280999699;0.00018375645006961068;0.00029898273922092074;14.546170241305141;2.7789404439512682
5003.1099999999997;-0.86966132273985663;-0.49355742233986988;0.62745577752234694;-0.77715093663133761;0.042515418058987987;0.99914229272673161;0.00018566679734496408;0.00029883749968024253;14.475769520222487;2.758265356266751
5003.1149999999998;-0.860784460465287;-0.50888685118306254;0.63013793765167581;-0.77501238099018055;0.042306293142153381;0.9991283564245943;0.00018754703102490691;0.00029869194151800507;14.403642312313625;2.7378008491624937
5003.1199999999999;-0.85168871728311202;-0.52397227905723431;0.63279304334398712;-0.77287991901470798;0.04209232933710641;0.99911451865763801;0.00018939670801905282;0.00029854607982704277;14.329852627374086;2.7175444053640723
5003.125;-0.84238225253258969;-0.53881035086692519;0.63542139053041402;-0.77075361918297247;0.041873710494628666;0.99910077890714533;0.00019121542560884437;0.00029839992979546694;14.254464674832345;2.6974935582726824
5003.1300000000001;-0.83287324084436798;-0.55339802950710648;0.63802327110987944;-0.76863355004277134;0.041650620791714214;0.99908713666998794;0.0001930028209528722;0.00029825350674043147;14.177542756069695;2.6776458902819922
5003.1350000000002;-0.8231698586720313;-0.56773259144437349;0.64059897332057303;-0.76651978024697343;0.041423244434922867;0.99907359145705865;0.00019475857051250828;0.00029810682613587165;14.099151159888715;2.6579990309703287
5003.1400000000003;-0.81328027127258085;-0.58181162171743372;0.64314878210276349;-0.76441237855488775;0.041191765372930816;0.99906014279129374;0.00019648238940227629;0.00029795990363394337;14.019354061329189;2.6385506551825517
5003.1450000000004;-0.80321262016018258;-0.59563300839336308;0.64567297944976931;-0.76231141380122758;0.040956367018822049;0.99904679020585963;0.0001981740306697016;0.00029781275508028308;13.938215424021813;2.6192984810187703
5003.1499999999996;-0.79297501105548696;-0.60919493651399581;0.64817184474371059;-0.76021695483435281;0.04071723198263312;0.99903353324224153;0.00019983328450906795;0.00029766539652300466;13.855798906258292;2.6002402677496743
5003.1549999999997;-0.78257550233791928;-0.6224958815845586;0.65064565507610439;-0.75812907042317856;0.040474541814320045;0.99902037144812306;0.00020145997741571081;0.0002975178442153173;13.772167770836548;2.5813738136549738
5003.1599999999999;-0.77202209404494404;-0.63553460260558658;0.65309468554376726;-0.75604782914074686;0.040228476758183349;0.99900730437550433;0.00020305397128129166;0.00029737011461237746;13.687384799037714;2.5626969538550242
5003.165;-0.76132271739356772;-0.64831013473495724;0.65551920952698195;-0.75397329921876721;0.039979215518191773;0.9989943315784896;0.00020461516244095699;0.00029722222436187899;13.601512208540576;2.5442075580834764
5003.1700000000001;-0.7504852248638707;-0.66082178158129468;0.65791949894076995;-0.75190554838166646;0.039726935035158582;0.99898145261139881;0.0002061434806728939;0.0002970741902891483;13.514611575599606;2.5259035284720786
5003.1750000000002;-0.73951738084056706;-0.6730691071808742;0.66029582446036716;-0.74984464366018466;0.039471810275710457;0.99896866702667464;0.0002076388881569612;0.00029692602937674782;13.426743761462587;2.5077827973433178
5003.1800000000003;-0.72842685282097963;-0.68505192769315837;0.66264845571876063;-0.7477906511879201;0.039214014033287205;0.99895597437293204;0.00020910137839707008;0.00029677775873900838;13.337968843105557;2.4898433250326253
5003.1850000000004;-0.71722120319286886;-0.69677030285188202;0.664977661475051;-0.74574363598373405;0.038953716741299063;0.99894337419314327;0.00021053097511217211;0.00029662939559186891;13.248346048323652;2.4720830977570438
5003.1899999999996;-0.70590788158562767;-0.70822452720596185;0.66728370975228968;-0.74370366172323676;0.038691086298579286;0.9989308660227062;0.00021192773110045548;0.00029648095721838865;13.157933695219539;2.4545001255490955
5003.1949999999997;-0.694494217781217;-0.71941512119820783;0.66956686794656595;-0.74167079050054419;0.038426287906873254;0.99891844938780583;0.00021329172708290972;0.00029633246093033379;13.066789135993954;2.4370924402534691
5003.1999999999998;-0.68298741521349049;-0.73034282208567358;0.67182740290074872;-0.73964508258876061;0.038159483921095513;0.99890612380384158;0.00021462307052723194;0.00029618392402666003;12.974968705283153;2.4198580936479197
5003.2049999999999;-0.67139454500914986;-0.7410085747770655;0.67406558095125013;-0.73762659619498772;0.037890833711336419;0.9988938887739417;0.00021592189446153367;0.00029603536374886181;12.882527672685271;2.4027951556385263
5003.21;-0.65972254059488988;-0.75141352258876071;0.67628166794176181;-0.73561538721856179;0.037620493537260151;0.99888174378765082;0.00021718835627852561;0.00029588679723415752;12.789520199688658;2.3859017125893387
5003.2150000000001;-0.64797819284944524;-0.76155899796367166;0.67847592920705835;-0.73361150901330374;0.037348616434474485;0.99886968831975675;0.00021842263653589411;0.00029573824146688363;12.695999300849611;2.3691758657784932
5003.2200000000003;-0.63616814579276348;-0.77144651318153934;0.6806486295273404;-0.73161501215717784;0.037075352112767627;0.99885772182925314;0.00021962493775677441;0.00029558971322868013;12.602016809174966;2.3526157299935755
5003.2250000000004;-0.62429889279992978;-0.78107775108956878;0.68280003305419301;-0.72962594423230165;0.036800846866001991;0.99884584375869023;0.00022079548323416349;0.00029544122904811556;12.507623345628621;2.3362194322749494
5003.2299999999996;-0.6123767733290939;-0.79045455587985369;0.68493040320937215;-0.72764434961811086;0.03652524349349421;0.99883405353341781;0.00022193451584291089;0.00029529280515019939;12.412868292694467;2.3199851108155802
5003.2349999999997;-0.6004079701355165;-0.79957892394992214;0.68704000256028475;-0.72567026929824241;0.03624868123231223;0.99882235056110136;0.00022304229686398244;0.0002951444574062843;12.317799771791194;2.3039109140059
5003.2399999999998;-0.58839850698848539;-0.80845299484604816;0.68912909266824629;-0.72370374068904086;0.035971295700954246;0.99881073423160527;0.00022411910482138299;0.00029499620128536441;12.222464624689767;2.2879949996716586
5003.2449999999999;-0.57635424683055003;-0.81707904234664952;0.69119793391956064;-0.72174479748433451;0.035693218853081889;0.99879920391688282;0.00022516523433890268;0.00029484805180663727;12.126908398468409;2.2722355344468737
5003.25;-0.56428089039350882;-0.82545946568202355;0.69324678533576933;-0.71979346952390733;0.035414578941717664;0.99878775897111516;0.00022618099501662886;0.00029470002349434065;12.031175334137291;2.2566306933273119
5003.2550000000001;-0.55218397523979501;-0.83359678092108447;0.69527590436799658;-0.71784978268518396;0.035135500493248331;0.9987763987309799;0.00022716671033119274;0.00029455213033514243;11.935308358697981;2.2411786593853407
5003.2600000000002;-0.5400688752105256;-0.84149361254159372;0.69728554667748543;-0.71591375880001151;0.03485610429087261;0.99876512251637872;0.00022812271656196383;0.00029440438573868379;11.839349080505112;2.2258776236470754
5003.2650000000003;-0.52794080026114387;-0.84915268520129517;0.69927596590532359;-0.71398541559724327;0.034576507367113048;0.99875392963093679;0.00022904936174558384;0.00029425680250147972;11.743337787791379;2.2107257851262032
5003.2700000000004;-0.51580479666300083;-0.8565768157250413;0.70124741343388708;-0.71206476667243079;0.034296823004954125;0.99874281936299525;0.00022994700466085735;0.00029410939277480034;11.647313450197478;2.1957213510105866
5003.2749999999996;-0.50366574755185178;-0.86376890532027217;0.70320013814271864;-0.71015182148523992;0.034017160747222643;0.99873179098669462;0.00023081601384566692;0.00029396216803675713;11.551313723167592;2.1808625369963739
5003.2799999999997;-0.49152837378858316;-0.87073193204074495;0.70513438616381086;-0.70824658538282825;0.033737626413460134;0.99872084376319492;0.0002316567666484716;0.00029381513906878563;11.455374954945382;2.1661475677453685
5003.2849999999999;-0.479397235143183;-0.8774689434893197;0.70705040063392266;-0.7063490596542128;0.033458322124587929;0.9987099769419272;0.00023246964831337869;0.00029366831593710332;11.359532196266773;2.1515746774965128
5003.29;-0.46727673173622608;-0.88398304979483233;0.70894842145375603;-0.70445924160870976;0.033179346333888471;0.99869918976228178;0.00023325505110315968;0.00029352170797896819;11.263819212236006;2.1371421107679938
5003.2950000000001;-0.45517110574862185;-0.89027741685043205;0.71082868505166918;-0.70257712468256917;0.032900793864587358;0.99868848145509648;0.00023401337345867093;0.00029337532379408596;11.168268496476546;2.1228481231774179
5003.3000000000002;-0.44308444336486019;-0.89635525982702269;0.71269142415658271;-0.70070269857120104;0.032622755953263062;0.99867785124448982;0.00023474501919642474;0.00029322917124126107;11.072911287285509;2.1086909823532332
5003.3050000000003;-0.43102067693058554;-0.90221983696483987;0.71453686758246537;-0.69883594938595262;0.032345320298665353;0.9986672983496353;0.00023545039674460744;0.00029308325744025799;10.977777585642503;2.0946689689256659
5003.3100000000004;-0.41898358730254626;-0.90787444364539949;0.71636524002679758;-0.69697685983416646;0.032068571115456468;0.99865682198664951;0.00023612991841781214;0.00029293758877892156;10.882896174901171;2.0807803775847424
5003.3149999999996;-0.40697680637293332;-0.91332240674464993;0.71817676188487467;-0.69512540942120404;0.031792589192470182;0.9986464213707088;0.00023678399973050155;0.00029279217092551858;10.788294642019761;2.0670235181934986
5003.3199999999997;-0.39500381973419008;-0.91856707927276371;0.71997164908430988;-0.69328157467037821;0.03151745195471585;0.99863609571784262;0.00023741305874976076;0.00029264700884594117;10.693999400061598;2.0533967169264309
5003.3249999999998;-0.38306796949753075;-0.9236118352847581;0.72175011293638613;-0.69144532936407432;0.031243233529428805;0.99862584424706013;0.00023801751548529381;0.00029250210682611765;10.600035712064781;2.0398983174573915
5003.3299999999999;-0.3711724572019357;-0.92846006507885159;0.72351236001264119;-0.68961664479700946;0.030970004814709726;0.99861566618246722;0.00023859779131854742;0.00029235746849886257;10.506427715778072;2.0265266821321513
5003.335;-0.35932034682820735;-0.93311517066422123;0.72525859204328014;-0.68779549004414831;0.030697833551074003;0.998605560755221;0.00023915430846854492;0.00029221309687521904;10.413198449369961;2.0132801931480899
5003.3400000000001;-0.34751456788726798;-0.9375805614991678;0.72698900584042958;-0.68598183223900289;0.030426784395186531;0.99859552720555023;0.00023968748949436346;0.00029206899437993141;10.320369877859829;2.0001572537128651
5003.3450000000003;-0.33575791856786408;-0.94185965049300724;0.72870379324692247;-0.68417563685989913;0.030156918995418433;0.99858556478467086;0.00024019775683317268;0.00029192516289067199;10.227962920144241;1.9871562891703511
5003.3500000000004;-0.32405306892780761;-0.94595585026489415;0.73040314111113447;-0.68237686802173769;0.029888296068832358;0.99857567275683512;0.00024068553237277106;0.00029178160378072362;10.135997476481728;1.9742757480816391
5003.3549999999996;-0.31240256411580769;-0.94987256965148126;0.7320872312882184;-0.68058548877056613;0.029620971479269526;0.9985658504009286;0.00024115123705734974;0.00029163831796457648;10.044492456322244;1.9615141032491286
5003.3599999999997;-0.30080882759711614;-0.9536132104592544;0.73375624066932987;-0.67880146137677055;0.029354998315883854;0.99855609701245984;0.00024159529052567382;0.00029149530594609389;9.9534658062558314;1.9488698526605186
5003.3649999999998;-0.28927416440149645;-0.9571811644419459;0.735410341234362;-0.67702474762852394;0.029090426972510301;0.99854641190501359;0.00024201811077898631;0.00029135256786889431;9.862934538211876;1.9363415203745415
5003.3699999999999;-0.27780076433937695;-0.96057981050800767;0.73704970013378346;-0.67525530911683462;0.028827305226579499;0.99853679441188614;0.00024242011387891097;0.00029121010356820428;9.7729147574671984;1.9239276572932467
5003.375;-0.26639070520663144;-0.96381251213716634;0.73867447979421097;-0.67349310751410241;0.028565678318001327;0.99852724388745362;0.00024280171367246272;0.00029106791262390787;9.6834216906071298;1.9116268418467848
5003.3800000000001;-0.25504595595535551;-0.96688261500000172;0.74028483804880685;-0.67173810484186947;0.028305589027448622;0.99851775970828538;0.00024316332154306305;0.00029092599441418965;9.5944697132445231;1.8994376805680406
5003.3850000000002;-0.24376837982408928;-0.96979344476957452;0.74188092829065289;-0.66999026372599557;0.028047077753838367;0.99850834127455745;0.00024350534618590805;0.00029078434816941771;9.5060723774272109;1.8873588085549584
5003.3900000000003;-0.23255973741898206;-0.97254830511349277;0.74346289964811607;-0.66824954763637523;0.027790182590762734;0.99849898801073333;0.00024382819340585299;0.00029064297302550221;9.4182424386493562;1.8753888898124398
5003.3950000000004;-0.22142168973969145;-0.97515047585610737;0.74503089718018378;-0.66651592110981728;0.027534939401672426;0.99848969936651999;0.00024413226593625992;0.00029050186807650936;9.3309918823992071;1.8635266174722234
5003.3999999999996;-0.21035580114560726;-0.97760321129875816;0.74658506208988862;-0.66478934995393635;0.027281381893655688;0.99848047481738333;0.00024441796327692413;0.0002903610324258689;9.2443319501902561;1.8517707138883073
5003.4049999999997;-0.19936354224599939;-0.97990973869013276;0.74812553195535658;-0.6630698014291021;0.027029541689382774;0.99847131386525745;0.00024468568154980592;0.00029022046523576441;9.1582731649291631;1.8401199305952654
5003.4099999999999;-0.18844629273980851;-0.98207325682869495;0.74965244097225003;-0.66135724441081001;0.026779448397748602;0.99846221603853935;0.00024493581336998112;0.00029008016577433503;9.0728253558032215;1.8285730481590712
5003.415;-0.17760534416241036;-0.98409693479582649;0.75116592021078499;-0.6596516495259015;0.026531129682182818;0.9984531808924495;0.00024516874773132774;0.00028994013346011799;8.9879976823358287;1.8171288758811519
5003.4200000000001;-0.16684190256703846;-0.98598391080191472;0.75266609788085537;-0.65795298926557122;0.026284611327208208;0.99844420800883893;0.00024538486990444879;0.0002898003679034268;8.9037986578093591;1.8057862513879792
5003.4250000000002;-0.15615709112786802;-0.98773729113837794;0.75415309960428378;-0.65626123807310532;0.026039917302899281;0.99843529699617295;0.00024558456134567282;0.00028966086894437952;8.8202361719374434;1.7945440400987767
5003.4300000000003;-0.14555195266615595;-0.98936014922496707;0.75562704869162722;-0.65457637240557942;0.025797069827223108;0.99842644748899911;0.00024576819961553146;0.00028952163668705296;8.7373175127814218;1.7834011345760412
5003.4350000000004;-0.1350274520998338;-0.99085552474318273;0.75708806642076121;-0.65289837076977941;0.025556089426227616;0.99841765914748803;0.00024593615830532109;0.00028938267152968687;8.6550493879002595;1.7723564537666507
5003.4399999999996;-0.12458447881952783;-0.99222642284652529;0.75853627231449228;-0.65122721373242354;0.025316994992100234;0.99840893165683242;0.00024608880697038233;0.00028924397419061566;8.5734379447426825;1.7614089421411347
5003.4449999999997;-0.11422384898106608;-0.99347581344059832;0.75997178441630431;-0.64956288390301486;0.025079803838832928;0.99840026472625054;0.0002462265110689672;0.00028910554572952679;8.4924887901926436;1.7505575687270885
5003.4499999999998;-0.10394630774539615;-0.99460663052164278;0.76139471955758409;-0.64790536589486425;0.02484453175616436;0.99839165808835495;0.0002463496319051791;0.00028896738756447563;8.4122070094980685;1.7398013260761711
5003.4549999999999;-0.093752531430454589;-0.9956217715710789;0.76280519361950361;-0.64625464625815476;0.024611193060957937;0.99838311149768688;0.00024645852657542879;0.00028882950148370357;8.3325971842969349;1.7291392291320256
5003.46;-0.083643129606736366;-0.99652409699566979;0.76420332178288242;-0.64461071339161602;0.024379800646715563;0.99837462472977834;0.00024655354791703417;0.00028869188965295741;8.253663409980577;1.7185703140420088
5003.4650000000001;-0.07361864712862265;-0.99731642960882705;0.76558921876566588;-0.64297355743143803;0.024150366031024426;0.99836619757987155;0.00024663504445829548;0.00028855455461789556;8.1754093123261953;1.7080936369093027
5003.4700000000003;-0.063679566107307073;-0.99800155414737501;0.76696299904569343;-0.64134317011939967;0.023922899401053816;0.99835782986133204;0.00024670336036925616;0.0002884174993016544;8.0978380634394913;1.6977082724985313
5003.4750000000004;-0.053826307829310638;-0.99858221681909975;0.76832477706660307;-0.63971954465203051;0.02369740965718246;0.99834952140438704;0.00024675883541252163;0.00028828072699781299;8.0209523970359378;1.6874133129078313
5003.4799999999996;-0.044059234626554922;-0.99906112487687249;0.76967466742522639;-0.63810267551259825;0.023473904454887631;0.99834127205440437;0.00024680180489360549;0.00028814424135870917;7.9447546231064852;1.6772078662190373
5003.4849999999997;-0.034378651691883588;-0.99944094621634882;0.77101278504011783;-0.63649255828640217;0.023252390244754558;0.99833308167038448;0.00024683259961040972;0.0002880080463792871;7.869246641920399;1.6670910551278637
5003.4899999999998;-0.02478480887082557;-0.99972430899332099;0.77233924529637499;-0.63488918946574224;0.023032872311317811;0.99832495012334033;0.00024685154580145918;0.00028787214637698583;7.7944299576088332;1.6570620155932541
5003.4949999999999;-0.015277902398773691;-0.99991380126020946;0.77365416417055433;-0.63329256624075814;0.02281535481003831;0.99831687729439422;0.00024685896509283798;0.00028773654596735192;7.7203056910925589;1.6471198954797388
5003.5;-0.0058580766142888319;-1.0000119706187665;0.77495765833098562;-0.63170268628330983;0.02259984080313545;0.9983088630732937;0.00024685517444359768;0.00028760125003625788;7.6468745926000468;1.6372638532334931
